step,type,amount,nameOrig,oldbalanceOrg,newbalanceOrig,nameDest,oldbalanceDest,newbalanceDest,isFraud,isFlaggedFraud
628,CASH_OUT,410.4,C008027686,310876.74,310466.33999999997,C007187670,261035.93,0.0,0,0
660,PAYMENT,2364.37,C009438374,460843.16,458478.79,C003440804,356289.36,0.0,0,0
733,PAYMENT,223.4,C001709798,66302.01,66078.61,C002970440,247968.56,0.0,0,0
181,PAYMENT,2154.31,C000352371,332910.92,330756.61,C000797827,299156.53,0.0,0,0
594,PAYMENT,263.71,C008335259,463302.07,463038.36,C003491474,417248.9,0.0,0,0
153,CASH_IN,6067.27,C007450221,453915.3,447848.02999999997,C009111668,276125.43,0.0,0,0
92,PAYMENT,8779.87,C009074660,214436.17,205656.30000000002,C001454730,475375.32,0.0,0,0
18,CASH_OUT,11926.96,C004787713,151429.83,139502.87,C006985897,481469.23,0.0,0,0
87,CASH_IN,7666.19,C002834980,376147.49,368481.3,C005159043,499742.19,0.0,0,0
455,PAYMENT,1496.16,C006393241,263459.8,261963.63999999998,C006504781,421694.64,0.0,0,0
516,CASH_IN,283.88,C008340060,209354.7,209070.82,C002011540,325205.17,0.0,0,0
413,PAYMENT,10665.82,C005806638,276163.57,265497.75,C002887787,132662.3,0.0,0,0
294,PAYMENT,2333.05,C005658161,127761.7,125428.65,C007644403,77190.22,0.0,0,0
645,DEBIT,194.56,C002411857,313439.46,313244.9,C009830698,1034.3,0.0,0,0
399,PAYMENT,2047.67,C001081396,231497.03,229449.36,C006693400,116031.68,0.0,0,0
517,PAYMENT,5479.49,C003654709,305722.7,300243.21,C002400118,1865.44,0.0,0,0
690,PAYMENT,1490.73,C000645188,84034.54,82543.81,C007842383,100011.24,0.0,0,0
475,CASH_OUT,10270.13,C004051690,205933.2,195663.07,C006206243,268074.24,0.0,0,0
702,PAYMENT,4867.22,C001628366,329143.67,324276.45,C002567181,283894.32,0.0,0,0
6,CASH_OUT,4102.85,C008473229,73106.54,69003.68999999999,C005485456,313130.73,0.0,0,0
426,PAYMENT,3750.66,C008567191,483037.03,479286.37000000005,C006922536,293343.33,0.0,0,0
254,TRANSFER,739.54,C005982616,458989.78,458250.24000000005,C003312789,217865.03,0.0,0,0
16,CASH_IN,9100.49,C005652721,408513.96,399413.47000000003,C006503840,250111.14,0.0,0,0
218,PAYMENT,5752.25,C000699164,1402.72,0.0,C008526678,54880.09,0.0,0,0
419,PAYMENT,28798.64,C005248139,115906.55,87107.91,C004865869,196891.38,0.0,0,0
639,DEBIT,14700.28,C006378330,359286.86,344586.57999999996,C005123036,97423.22,0.0,0,0
162,CASH_OUT,2223.49,C004855572,294594.73,292371.24,C002271274,411294.78,0.0,0,0
435,DEBIT,10052.72,C005692364,209513.71,199460.99,C007244936,352348.11,0.0,0,0
537,PAYMENT,12586.85,C000847529,423749.08,411162.23000000004,C000706967,294238.36,0.0,0,0
140,PAYMENT,7182.11,C000593980,158689.95,151507.84000000003,C001587315,251315.17,0.0,0,0
58,PAYMENT,7432.93,C009526205,94310.22,86877.29000000001,C002747169,265863.36,0.0,0,0
650,CASH_OUT,6551.2,C007898861,281952.53,275401.33,C004136035,251106.85,0.0,0,0
388,PAYMENT,1692.55,C000866947,279048.29,277355.74,C006942573,190992.39,0.0,0,0
284,CASH_OUT,164.12,C008013216,176683.56,176519.44,C005243449,360373.13,0.0,0,0
596,PAYMENT,10552.23,C007935179,488001.52,477449.29000000004,C006505151,391046.2,0.0,0,0
634,CASH_OUT,11883.72,C003658970,262256.13,250372.41,C004112718,274801.58,0.0,0,0
680,PAYMENT,4879.07,C009596475,411830.87,406951.8,C002678732,494840.01,0.0,0,0
429,PAYMENT,2888.3,C001796948,68254.18,65365.87999999999,C008128157,128478.39,0.0,0,0
482,CASH_OUT,1870.14,C002615078,32065.05,30194.91,C008673463,24328.78,0.0,0,0
94,PAYMENT,3828.65,C003659293,431651.1,427822.44999999995,C005366654,374381.19,0.0,0,0
78,CASH_IN,1460.11,C002408139,267778.19,266318.08,C008738415,134965.14,0.0,0,0
202,PAYMENT,47.11,C001158035,116941.92,116894.81,C005221363,55702.75,0.0,0,0
656,CASH_IN,5661.31,C005061341,18083.24,12421.93,C009400509,248518.36,0.0,0,0
597,TRANSFER,1667.95,C001135423,179800.99,178133.03999999998,C001637107,462923.09,0.0,0,0
258,CASH_OUT,14052.19,C007722817,389410.05,375357.86,C008792106,210818.04,0.0,0,0
115,CASH_OUT,1182.32,C009008185,435495.81,434313.49,C007940517,483141.86,0.0,0,0
537,CASH_IN,4270.03,C004415940,143694.96,139424.93,C000763920,322761.66,0.0,0,0
520,PAYMENT,4522.4,C001817943,25907.56,21385.160000000003,C001558539,490187.77,0.0,0,0
338,CASH_OUT,908.25,C006556500,243565.72,242657.47,C005610050,491385.96,0.0,0,0
168,CASH_IN,1217.02,C002540915,79343.45,78126.43,C002608688,389000.66,0.0,0,0
626,DEBIT,1817.94,C009682551,422386.3,420568.36,C008988586,465289.32,0.0,0,0
64,CASH_IN,14801.1,C006054758,207604.59,192803.49,C003964173,354540.51,0.0,0,0
238,TRANSFER,17343.03,C008896515,442325.8,424982.77,C006124100,485419.72,0.0,0,0
56,PAYMENT,26386.68,C005658486,152411.25,126024.57,C007025725,88692.36,0.0,0,0
563,CASH_OUT,6333.85,C008696495,66402.51,60068.659999999996,C005180755,470687.17,0.0,0,0
340,PAYMENT,426.27,C001142982,80453.74,80027.47,C001267058,118380.02,0.0,0,0
730,PAYMENT,4989.55,C000358296,42283.99,37294.439999999995,C005015538,112747.29,0.0,0,0
209,PAYMENT,17614.8,C006152114,480136.34,462521.54000000004,C007962425,131702.48,0.0,0,0
514,CASH_OUT,1342.93,C001113259,235270.76,233927.83000000002,C004024608,201706.23,0.0,0,0
531,CASH_IN,17774.77,C004615918,143328.96,125554.18999999999,C008947305,424525.55,0.0,0,0
474,PAYMENT,460.18,C001640093,80085.33,79625.15000000001,C006572358,143092.34,0.0,0,0
741,TRANSFER,10331.04,C002715368,472127.18,461796.14,C001434097,278490.6,0.0,0,0
377,CASH_OUT,2364.04,C004508224,232368.83,230004.78999999998,C000601647,340527.84,0.0,0,0
258,CASH_IN,9593.96,C000522987,354150.45,344556.49,C003299740,470785.21,0.0,0,0
334,CASH_OUT,1064.67,C000107095,464403.28,463338.61000000004,C001388303,297965.21,0.0,0,0
253,DEBIT,5099.76,C002067893,408378.04,403278.27999999997,C003180787,414470.04,0.0,0,0
501,PAYMENT,1766.1,C000972523,83365.72,81599.62,C003380343,408777.79,0.0,0,0
436,TRANSFER,3325.51,C008112145,155833.82,152508.31,C007039789,89060.93,0.0,0,0
189,PAYMENT,8522.93,C007393558,205588.24,197065.31,C002593206,465446.45,0.0,0,0
208,PAYMENT,5625.39,C003978154,246844.11,241218.71999999997,C007755533,74672.05,0.0,0,0
506,PAYMENT,2531.9,C002619211,2778.26,246.36000000000013,C004712478,110066.73,0.0,0,0
95,CASH_OUT,7104.43,C009024085,189526.4,182421.97,C009819927,29110.66,0.0,0,0
602,CASH_IN,1237.49,C004874639,462386.2,461148.71,C006488907,418904.26,0.0,0,0
218,PAYMENT,3167.03,C009984622,57117.2,53950.17,C005256500,399947.37,0.0,0,0
650,PAYMENT,40816.95,C005732529,242915.01,202098.06,C008760524,278945.05,0.0,0,0
244,CASH_OUT,12191.58,C002392732,260033.04,247841.46000000002,C005451883,431169.01,0.0,0,0
269,PAYMENT,2018.38,C007952988,449309.61,447291.23,C000519910,110072.73,0.0,0,0
135,TRANSFER,2918.83,C000526045,275889.05,272970.22,C008565675,165036.59,0.0,0,0
631,PAYMENT,136.02,C007550460,206080.84,205944.82,C008964071,347461.03,0.0,0,0
331,PAYMENT,8060.44,C007089982,93087.45,85027.01,C001646607,251689.69,0.0,0,0
467,DEBIT,3277.95,C003445988,363986.2,360708.25,C005507815,163853.97,0.0,0,0
729,PAYMENT,1137.73,C007390550,381315.99,380178.26,C003501527,354078.65,0.0,0,0
144,CASH_OUT,9224.01,C003823285,401528.59,392304.58,C003499817,6185.04,0.0,0,0
443,PAYMENT,3520.17,C004953182,279180.59,275660.42000000004,C000686756,488532.65,0.0,0,0
514,CASH_IN,213.13,C003580237,254677.88,254464.75,C008712678,53465.32,0.0,0,0
648,DEBIT,1836.45,C002598186,310421.31,308584.86,C000767657,76428.92,0.0,0,0
726,PAYMENT,35840.18,C004869041,427373.74,391533.56,C003135588,337678.7,0.0,0,0
613,CASH_IN,3433.79,C008979245,411510.16,408076.37,C000135736,148324.31,0.0,0,0
616,CASH_OUT,7367.91,C000537793,84589.17,77221.26,C006729368,186028.27,0.0,0,0
618,PAYMENT,2836.23,C001269484,15328.05,12491.82,C001610648,312495.58,0.0,0,0
532,CASH_IN,7177.28,C009574630,16310.01,9132.73,C000003460,243351.77,0.0,0,0
77,PAYMENT,482.67,C008659727,267363.79,266881.12,C004784997,247889.91,0.0,0,0
251,PAYMENT,2925.96,C001296839,497350.29,494424.32999999996,C007454933,426024.84,0.0,0,0
72,CASH_IN,869.69,C008932926,121582.71,120713.02,C003513092,497256.56,0.0,0,0
130,PAYMENT,1309.94,C005836150,411449.04,410139.1,C008146474,292395.06,0.0,0,0
723,DEBIT,8021.71,C003813956,376822.03,368800.32,C005126547,445177.19,0.0,0,0
235,CASH_OUT,450.14,C003296306,456340.99,455890.85,C004587328,458204.28,0.0,0,0
487,CASH_IN,18493.45,C005228527,255545.03,237051.58,C000973432,138700.83,0.0,0,0
698,CASH_IN,718.74,C002192460,436565.24,435846.5,C007049850,458818.91,0.0,0,0
348,PAYMENT,2765.45,C007696279,256162.43,253396.97999999998,C003792513,384166.25,0.0,0,0
492,CASH_OUT,146609.46,C001410218,436500.78,289891.32000000007,C009218118,196197.2,0.0,0,0
691,CASH_OUT,9948.14,C001814019,435592.44,425644.3,C009637092,179271.61,0.0,0,0
526,CASH_IN,770.58,C004098977,184723.84,183953.26,C000318389,290329.21,0.0,0,0
430,PAYMENT,2944.59,C002210934,201206.44,198261.85,C006871872,147119.42,0.0,0,0
224,CASH_IN,2155.39,C007740001,296560.1,294404.70999999996,C004211733,309489.61,0.0,0,0
659,CASH_IN,469.25,C007846981,297262.32,296793.07,C008224606,83711.86,0.0,0,0
553,TRANSFER,16249.11,C005237506,384142.51,367893.4,C000029834,246407.9,0.0,0,0
96,PAYMENT,677.43,C005861317,383374.05,382696.62,C006962870,341961.72,0.0,0,0
58,CASH_IN,3821.71,C003022932,485615.4,481793.69,C007980790,6480.63,0.0,0,0
5,CASH_OUT,19338.45,C009149056,53558.94,34220.490000000005,C006619517,315197.78,0.0,0,0
247,PAYMENT,2534.56,C002668365,220531.1,217996.54,C008944470,157887.81,0.0,0,0
616,CASH_IN,2559.14,C006862298,307298.08,304738.94,C000652597,371416.46,0.0,0,0
498,CASH_OUT,10442.84,C000160124,6467.62,0.0,C003535633,20106.1,0.0,0,0
383,PAYMENT,1106.02,C004719708,131721.08,130615.05999999998,C005224348,480120.99,0.0,0,0
231,PAYMENT,6935.01,C007521249,74176.92,67241.91,C007422433,252826.26,0.0,0,0
703,PAYMENT,2041.05,C009506892,363899.43,361858.38,C009652649,362809.58,0.0,0,0
174,CASH_OUT,2144.76,C006659084,437836.37,435691.61,C007584476,315160.13,0.0,0,0
373,CASH_OUT,1736.66,C009840336,170350.7,168614.04,C006285740,334639.39,0.0,0,0
667,CASH_IN,1694.35,C009210837,16866.87,15172.519999999999,C004979032,487067.49,0.0,0,0
163,PAYMENT,352.59,C009223268,297141.64,296789.05,C009110805,457972.04,0.0,0,0
400,PAYMENT,3713.68,C003761977,341259.52,337545.84,C009096869,40963.18,0.0,0,0
311,CASH_OUT,21811.77,C000880026,134848.59,113036.81999999999,C004196340,393449.71,0.0,0,0
623,PAYMENT,10353.51,C000832425,328876.89,318523.38,C002183919,143261.83,0.0,0,0
500,CASH_OUT,4628.03,C001235112,403012.55,398384.51999999996,C007270895,499282.78,0.0,0,0
326,CASH_OUT,18079.98,C009693505,100125.81,82045.83,C006005800,434917.83,0.0,0,0
352,DEBIT,57653.86,C001561536,374902.98,317249.12,C003875687,130482.9,0.0,0,0
372,CASH_OUT,9860.39,C006326493,75330.37,65469.979999999996,C009231835,317648.83,0.0,0,0
615,CASH_IN,1209.09,C000801684,223487.66,222278.57,C007626929,282292.39,0.0,0,0
594,CASH_IN,28994.17,C001072692,215927.39,186933.22000000003,C006817862,11489.5,0.0,0,0
280,CASH_IN,28108.44,C009823047,166913.37,138804.93,C003900546,261991.76,0.0,0,0
348,CASH_OUT,172.37,C007864349,242978.48,242806.11000000002,C001060439,360937.79,0.0,0,0
204,CASH_IN,352.54,C009078307,137750.8,137398.25999999998,C004692759,28813.33,0.0,0,0
338,PAYMENT,8357.49,C004534986,254676.6,246319.11000000002,C000113748,336866.93,0.0,0,0
386,DEBIT,13918.56,C005660424,49199.59,35281.03,C002078339,265927.62,0.0,0,0
638,PAYMENT,8038.31,C009035593,438793.68,430755.37,C003298622,483889.73,0.0,0,0
389,PAYMENT,1287.79,C007993504,178769.87,177482.08,C006089641,428184.78,0.0,0,0
110,CASH_OUT,231.3,C000821588,100602.33,100371.03,C003553081,457868.24,0.0,0,0
560,CASH_IN,1567.21,C003627598,261261.1,259693.89,C008497720,76887.33,0.0,0,0
688,PAYMENT,12510.19,C007284590,163160.72,150650.53,C009741931,374592.09,0.0,0,0
250,CASH_OUT,2298.61,C004233488,99298.5,96999.89,C007959394,51326.14,0.0,0,0
361,CASH_OUT,3212.61,C000980088,495050.06,491837.45,C001178357,419192.88,0.0,0,0
529,PAYMENT,43459.2,C008803813,414962.22,371503.01999999996,C002268097,244080.94,0.0,0,0
721,PAYMENT,2106.26,C003987060,89582.65,87476.39,C002588068,195033.32,0.0,0,0
550,PAYMENT,2119.72,C006011440,101434.44,99314.72,C009303401,498349.52,0.0,0,0
192,DEBIT,3181.2,C005102104,31082.68,27901.48,C006900151,339254.56,0.0,0,0
741,CASH_OUT,9424.87,C001769052,42993.27,33568.399999999994,C000542537,493127.69,0.0,0,0
203,TRANSFER,3109.37,C003917702,203336.81,200227.44,C007388431,312018.89,0.0,0,0
719,CASH_OUT,43656.49,C005531182,90921.06,47264.57,C002972722,5794.75,0.0,0,0
139,PAYMENT,356.32,C005188102,208508.76,208152.44,C006233484,175948.76,0.0,0,0
609,PAYMENT,1464.86,C000949695,398939.81,397474.95,C005996339,189449.78,0.0,0,0
509,CASH_IN,2956.55,C003259590,480641.89,477685.34,C001664679,321557.14,0.0,0,0
418,PAYMENT,16842.3,C007209888,435742.95,418900.65,C008195454,344951.0,0.0,0,0
654,TRANSFER,6148.02,C005426660,294173.28,288025.26,C003188366,42220.92,0.0,0,0
540,PAYMENT,352.62,C000068540,255570.8,255218.18,C004636347,499077.84,0.0,0,0
668,CASH_IN,9242.23,C002129341,288845.92,279603.69,C000655341,387816.15,0.0,0,0
271,CASH_OUT,1484.74,C009704207,107299.47,105814.73,C001930221,183630.54,0.0,0,0
152,CASH_OUT,11527.46,C003602593,272329.32,260801.86000000002,C003112104,101917.18,0.0,0,0
464,CASH_IN,2234.29,C009460008,435453.64,433219.35000000003,C009704269,43222.15,0.0,0,0
609,CASH_IN,1233.0,C007003265,201595.39,200362.39,C002330330,104258.91,0.0,0,0
587,TRANSFER,761.77,C000824537,90289.33,89527.56,C001878826,344476.7,0.0,0,0
727,CASH_IN,1835.69,C005491673,479081.57,477245.88,C003127270,487802.49,0.0,0,0
295,PAYMENT,1488.02,C005398090,460925.27,459437.25,C000980253,466755.88,0.0,0,0
654,PAYMENT,2845.49,C007818171,248327.88,245482.39,C006419391,244993.06,0.0,0,0
500,PAYMENT,1101.64,C008912248,425971.48,424869.83999999997,C007216054,167760.8,0.0,0,0
114,PAYMENT,436.82,C000359472,311192.44,310755.62,C008017738,88610.27,0.0,0,0
271,PAYMENT,9025.72,C002491722,429912.35,420886.63,C008624756,157073.47,0.0,0,0
284,PAYMENT,65629.18,C004812077,33975.46,0.0,C009909940,5055.77,0.0,0,0
463,CASH_OUT,9478.98,C005906742,160467.21,150988.22999999998,C008946517,111747.16,0.0,0,0
278,CASH_OUT,5745.8,C005521802,434416.21,428670.41000000003,C002878811,266697.72,0.0,0,0
301,CASH_OUT,7771.4,C009339921,185874.87,178103.47,C007936668,377459.99,0.0,0,0
439,CASH_OUT,11071.74,C005021924,52430.32,41358.58,C004363851,93401.86,0.0,0,0
220,CASH_OUT,3114.34,C006865586,365494.01,362379.67,C007752673,107331.97,0.0,0,0
462,PAYMENT,2433.09,C002599911,117703.39,115270.3,C005436131,187269.85,0.0,0,0
700,CASH_OUT,4833.87,C009901723,439721.28,434887.41000000003,C004668962,401826.86,0.0,0,0
69,CASH_IN,9752.53,C002377783,264299.23,254546.69999999998,C006309053,217969.42,0.0,0,0
397,PAYMENT,665.64,C005575099,58869.97,58204.33,C002588194,338958.35,0.0,0,0
95,PAYMENT,17789.27,C001690732,316675.54,298886.26999999996,C005545136,411237.16,0.0,0,0
139,TRANSFER,5226.03,C006980627,432298.28,427072.25,C006586487,303142.95,0.0,0,0
664,DEBIT,104.87,C001401482,342819.9,342715.03,C003197192,65862.77,0.0,0,0
711,CASH_OUT,11557.76,C002860440,283156.69,271598.93,C005515742,203887.39,0.0,0,0
435,PAYMENT,1425.22,C001502126,82036.59,80611.37,C000216652,301737.24,0.0,0,0
628,CASH_IN,207.0,C004025631,495010.58,494803.58,C008940560,357937.06,0.0,0,0
254,CASH_OUT,7060.91,C004962501,461221.37,454160.46,C001021595,257669.41,0.0,0,0
276,PAYMENT,171.72,C001108826,177863.68,177691.96,C000058675,28535.78,0.0,0,0
711,PAYMENT,7047.73,C002677772,202166.82,195119.09,C002574862,23164.28,0.0,0,0
518,DEBIT,16081.61,C003225997,146771.09,130689.48,C000297707,278481.74,0.0,0,0
734,PAYMENT,9217.39,C007039003,494669.31,485451.92,C000690177,168932.02,0.0,0,0
314,CASH_OUT,4826.51,C005709945,469930.43,465103.92,C006877447,211554.12,0.0,0,0
524,TRANSFER,1282.83,C001147743,384768.36,383485.52999999997,C005404140,367675.36,0.0,0,0
657,PAYMENT,2822.91,C004199064,235958.64,233135.73,C006078696,197414.61,0.0,0,0
63,PAYMENT,5333.08,C006185063,340263.47,334930.38999999996,C005575787,236368.5,0.0,0,0
111,CASH_IN,1083.42,C006410748,24358.35,23274.93,C009932839,437903.45,0.0,0,0
198,TRANSFER,299.54,C006005298,406528.43,406228.89,C000935603,107996.61,0.0,0,0
596,PAYMENT,2017.04,C006701150,339905.67,337888.63,C006747062,207147.35,0.0,0,0
438,CASH_OUT,26.64,C000965869,392447.29,392420.64999999997,C003328764,88261.44,0.0,0,0
26,DEBIT,1329.35,C004100314,358367.88,357038.53,C008238501,93732.74,0.0,0,0
327,CASH_OUT,14891.42,C008642714,435574.56,420683.14,C007953041,88096.03,0.0,0,0
716,CASH_OUT,1316.41,C000440838,274154.35,272837.94,C005787942,97581.15,0.0,0,0
315,CASH_IN,7530.69,C007807242,203499.08,195968.38999999998,C000240789,147773.79,0.0,0,0
489,PAYMENT,15870.06,C001744894,498602.9,482732.84,C002001801,258326.63,0.0,0,0
8,CASH_IN,79.44,C007539595,295401.23,295321.79,C000257197,431179.99,0.0,0,0
92,PAYMENT,1666.9,C007469075,385094.68,383427.77999999997,C003996266,262946.74,0.0,0,0
412,PAYMENT,5869.69,C004261192,393787.64,387917.95,C008654014,414978.1,0.0,0,0
90,PAYMENT,5330.97,C004157592,151225.5,145894.53,C009177145,408028.96,0.0,0,0
46,CASH_IN,79462.6,C009822523,231203.96,151741.36,C001175200,309838.61,0.0,0,0
519,PAYMENT,2490.31,C004543326,335836.91,333346.6,C002357912,358333.26,0.0,0,0
296,TRANSFER,13704.27,C009025196,307259.44,293555.17,C004307161,496344.73,0.0,0,0
631,CASH_OUT,1325.37,C008208739,3967.81,2642.44,C002963596,341930.9,0.0,0,0
250,CASH_IN,2671.98,C009328653,149300.53,146628.55,C009450255,89256.97,0.0,0,0
646,CASH_IN,50338.65,C003514873,465819.31,415480.66,C007135698,486438.2,0.0,0,0
518,DEBIT,40532.88,C003614993,313440.92,272908.04,C004298572,223948.05,0.0,0,0
467,PAYMENT,2082.83,C000363455,343159.42,341076.58999999997,C008123981,153094.03,0.0,0,0
700,PAYMENT,35875.12,C009626882,90443.94,54568.82,C007954536,223594.41,0.0,0,0
582,CASH_IN,6177.52,C008521564,335059.59,328882.07,C006775721,160677.33,0.0,0,0
636,PAYMENT,3251.82,C000797534,145928.17,142676.35,C003721017,194343.64,0.0,0,0
533,PAYMENT,9541.65,C008493313,302718.6,293176.94999999995,C003216049,194130.51,0.0,0,0
719,CASH_IN,2210.34,C002997882,335848.8,333638.45999999996,C009108284,336330.59,0.0,0,0
711,TRANSFER,116.2,C005401640,394621.03,394504.83,C001128886,491003.65,0.0,0,0
296,CASH_IN,13376.02,C005989845,360808.03,347432.01,C007384048,213471.05,0.0,0,0
720,CASH_OUT,1805.36,C005321757,339560.72,337755.36,C009042201,98298.1,0.0,0,0
581,CASH_IN,8862.21,C000647047,112697.7,103835.48999999999,C000194248,148679.88,0.0,0,0
582,PAYMENT,6683.96,C009116933,22483.73,15799.77,C003183930,375666.91,0.0,0,0
229,CASH_IN,2065.42,C008841684,386545.09,384479.67000000004,C003327303,456117.55,0.0,0,0
539,CASH_IN,489.83,C003771451,205260.06,204770.23,C000732984,398847.32,0.0,0,0
649,PAYMENT,36453.39,C000440339,379197.57,342744.18,C003099380,404271.46,0.0,0,0
663,TRANSFER,205.33,C002524851,343016.5,342811.17,C009517983,125553.78,0.0,0,0
578,CASH_IN,6347.91,C000597949,97901.72,91553.81,C003088865,27046.86,0.0,0,0
73,TRANSFER,333.35,C008082292,188927.66,188594.31,C003687732,106934.14,0.0,0,0
739,PAYMENT,559.89,C006788119,194761.71,194201.81999999998,C002783062,272900.36,0.0,0,0
194,DEBIT,5520.0,C003095617,476246.17,470726.17,C004364382,317808.45,0.0,0,0
490,PAYMENT,3301.66,C006123893,127801.65,124499.98999999999,C002268118,322115.05,0.0,0,0
389,TRANSFER,1464.67,C009158635,302551.02,301086.35000000003,C002530247,256467.25,0.0,0,0
299,CASH_OUT,5196.65,C007691223,355541.84,350345.19,C002377373,143363.35,0.0,0,0
11,PAYMENT,1403.54,C009688483,438800.96,437397.42000000004,C003853567,289224.61,0.0,0,0
556,CASH_OUT,151.43,C005469027,203036.2,202884.77000000002,C009234330,351901.2,0.0,0,0
452,DEBIT,1473.31,C001328841,446571.44,445098.13,C002788081,452476.03,0.0,0,0
179,TRANSFER,715.15,C009753031,304149.78,303434.63,C003494678,163555.15,0.0,0,0
431,PAYMENT,4424.3,C004062794,21497.31,17073.010000000002,C007727512,276195.48,0.0,0,0
563,TRANSFER,1172.09,C007274337,24535.06,23362.97,C002636360,494463.78,0.0,0,0
430,CASH_IN,645.27,C001455191,447294.92,446649.64999999997,C000951127,358955.45,0.0,0,0
10,PAYMENT,1273.33,C002238953,499278.54,498005.20999999996,C006782921,385142.97,0.0,0,0
388,CASH_OUT,4525.09,C001207297,4175.66,0.0,C003709115,241283.23,0.0,0,0
587,DEBIT,2761.2,C009566931,483661.55,480900.35,C002637439,433281.88,0.0,0,0
689,CASH_OUT,5119.92,C006018947,360196.02,355076.10000000003,C002363768,489280.88,0.0,0,0
118,PAYMENT,8047.13,C006055942,83067.4,75020.26999999999,C009752968,270743.92,0.0,0,0
30,CASH_IN,1139.05,C008408395,417052.59,415913.54000000004,C001431864,41933.06,0.0,0,0
282,CASH_OUT,3111.03,C003312071,240780.56,237669.53,C006635411,237573.8,0.0,0,0
742,CASH_IN,3804.8,C000338219,390791.67,386986.87,C005259547,147026.26,0.0,0,0
473,PAYMENT,639.23,C000957571,488423.84,487784.61000000004,C001602042,276635.45,0.0,0,0
441,TRANSFER,28623.86,C009659950,11862.62,0.0,C008519228,307452.11,0.0,0,0
108,TRANSFER,15494.79,C001768872,470503.37,455008.58,C004141577,105535.12,0.0,0,0
128,CASH_OUT,5847.67,C005427052,420281.67,414434.0,C009514438,274407.18,0.0,0,0
154,CASH_IN,385.54,C002905045,46694.22,46308.68,C009320041,125600.99,0.0,0,0
364,PAYMENT,3600.72,C004117426,142737.28,139136.56,C004011129,466310.96,0.0,0,0
418,DEBIT,168.64,C004589989,235319.95,235151.31,C006092593,273291.87,0.0,0,0
370,PAYMENT,54369.58,C005529338,171052.95,116683.37000000001,C003112795,155862.42,0.0,0,0
588,PAYMENT,3764.05,C009586726,203921.11,200157.06,C003856595,201453.13,0.0,0,0
234,DEBIT,1940.51,C005882865,410431.71,408491.2,C006898296,53030.65,0.0,0,0
728,CASH_IN,1913.77,C000697805,21099.26,19185.489999999998,C006984385,88505.82,0.0,0,0
462,CASH_IN,722.16,C008577987,131599.82,130877.66,C009528487,133424.72,0.0,0,0
162,CASH_OUT,1163.75,C005462067,219764.38,218600.63,C009771041,466266.09,0.0,0,0
536,PAYMENT,2286.45,C000581746,252894.97,250608.52,C006181029,374266.2,0.0,0,0
268,CASH_IN,23161.98,C004515876,231314.97,208152.99,C007707784,176948.61,0.0,0,0
377,PAYMENT,23135.25,C003857353,91882.8,68747.55,C006104061,213022.38,0.0,0,0
278,CASH_IN,14649.83,C006633689,392178.09,377528.26,C000498936,13105.55,0.0,0,0
9,CASH_OUT,2902.86,C005638249,38801.66,35898.8,C002270918,355309.68,0.0,0,0
392,TRANSFER,4859.17,C004309505,143499.9,138640.72999999998,C008781590,88193.79,0.0,0,0
129,TRANSFER,698.23,C003951905,393182.12,392483.89,C008455930,425695.79,0.0,0,0
449,CASH_IN,486.6,C007538934,473880.01,473393.41000000003,C009743908,152007.64,0.0,0,0
430,CASH_OUT,3325.8,C004454446,402910.26,399584.46,C003797790,147619.92,0.0,0,0
43,PAYMENT,1601.82,C009748283,43360.52,41758.7,C003922855,60748.96,0.0,0,0
402,CASH_IN,686.63,C005554961,61057.87,60371.240000000005,C007007876,355635.6,0.0,0,0
30,PAYMENT,612.49,C002781568,499622.82,499010.33,C006497923,348421.93,0.0,0,0
556,CASH_OUT,4723.64,C001551885,249591.08,244867.43999999997,C005800622,106389.06,0.0,0,0
38,PAYMENT,1169.85,C007752942,292262.94,291093.09,C003191596,419488.53,0.0,0,0
305,CASH_OUT,17486.73,C003645295,269698.27,252211.54,C007933830,111563.13,0.0,0,0
673,CASH_IN,217.98,C004020650,88680.4,88462.42,C000400601,84256.39,0.0,0,0
185,PAYMENT,1070.31,C001168663,80262.5,79192.19,C009565616,206699.14,0.0,0,0
149,CASH_IN,1247.65,C001863204,429064.57,427816.92,C004486525,42264.25,0.0,0,0
661,CASH_IN,3305.64,C009920214,287386.74,284081.1,C007396859,68694.83,0.0,0,0
648,CASH_IN,1533.05,C006019930,387529.65,385996.60000000003,C009055416,18940.22,0.0,0,0
178,PAYMENT,1560.72,C007925928,302566.5,301005.78,C008479181,406328.4,0.0,0,0
593,PAYMENT,2091.69,C003123073,456880.8,454789.11,C000335640,38107.35,0.0,0,0
141,PAYMENT,11073.83,C002322514,419273.89,408200.06,C003601083,352839.84,0.0,0,0
97,PAYMENT,1165.32,C005320633,43568.61,42403.29,C008019618,92753.69,0.0,0,0
626,PAYMENT,2316.87,C000177038,205696.68,203379.81,C007148219,123932.46,0.0,0,0
399,CASH_OUT,13968.95,C000255867,218643.86,204674.90999999997,C005892932,116823.38,0.0,0,0
251,CASH_OUT,1001.92,C001000620,370369.98,369368.06,C004262091,45252.65,0.0,0,0
488,PAYMENT,25053.03,C005289463,479249.89,454196.86,C003633935,97356.97,0.0,0,0
151,PAYMENT,1967.33,C000218453,291452.55,289485.22,C000559430,199294.68,0.0,0,0
85,CASH_IN,520.55,C005647139,22147.9,21627.350000000002,C001935894,199949.5,0.0,0,0
426,CASH_OUT,13423.44,C007521356,67268.55,53845.11,C001159006,315045.63,0.0,0,0
497,CASH_OUT,5286.29,C009348147,21294.46,16008.169999999998,C009800282,270118.43,0.0,0,0
377,CASH_OUT,9489.96,C007409713,47736.03,38246.07,C007890592,319329.5,0.0,0,0
225,PAYMENT,18736.09,C002720925,392808.47,374072.37999999995,C006206066,86450.08,0.0,0,0
206,TRANSFER,45215.51,C007610882,269145.87,223930.36,C003497864,326687.51,0.0,0,0
483,TRANSFER,6328.52,C009291633,105332.41,99003.89,C001059350,143953.82,0.0,0,0
603,PAYMENT,3107.85,C004658814,19853.11,16745.260000000002,C008444338,444044.1,0.0,0,0
495,PAYMENT,1118.14,C007523926,289324.84,288206.7,C000993645,300694.35,0.0,0,0
432,CASH_OUT,2191.19,C007151388,246857.18,244665.99,C004441612,40230.2,0.0,0,0
336,PAYMENT,11811.29,C003827569,401727.79,389916.5,C001530065,385190.6,0.0,0,0
411,CASH_OUT,6433.36,C008886206,334764.94,328331.58,C007751360,180431.69,0.0,0,0
192,CASH_IN,132.77,C004513606,299974.58,299841.81,C003665414,353862.28,0.0,0,0
411,PAYMENT,1662.95,C000994199,158021.76,156358.81,C002504899,239925.79,0.0,0,0
521,CASH_OUT,1881.41,C002001770,87288.85,85407.44,C001441454,442961.53,0.0,0,0
429,PAYMENT,897.62,C000248387,214902.48,214004.86000000002,C002256762,413421.92,0.0,0,0
180,TRANSFER,616.81,C007222972,370892.32,370275.51,C004970776,31898.93,0.0,0,0
227,CASH_OUT,981.79,C007336725,60195.15,59213.36,C007126459,15776.3,0.0,0,0
47,PAYMENT,1306.94,C006877995,154498.24,153191.3,C001237366,64032.8,0.0,0,0
394,PAYMENT,4296.27,C003830973,169569.18,165272.91,C001046029,35279.74,0.0,0,0
170,CASH_OUT,609.01,C003208483,149519.74,148910.72999999998,C009933559,424079.09,0.0,0,0
21,PAYMENT,3661.93,C004772830,408422.57,404760.64,C004417609,123500.53,0.0,0,0
619,PAYMENT,5188.14,C003905062,278655.33,273467.19,C003541100,478863.69,0.0,0,0
551,PAYMENT,1163.59,C005158625,47172.96,46009.37,C006010332,17168.18,0.0,0,0
289,CASH_IN,1253.2,C001492523,377273.71,376020.51,C007980637,380191.88,0.0,0,0
470,CASH_OUT,5242.46,C006602660,165912.85,160670.39,C003837206,404826.33,0.0,0,0
573,CASH_OUT,7916.87,C007792072,20459.65,12542.780000000002,C005865317,464063.44,0.0,0,0
530,CASH_OUT,44963.95,C001980267,107347.2,62383.25,C005074992,1636.24,0.0,0,0
595,CASH_IN,4218.9,C002376513,359478.41,355259.50999999995,C004122860,360253.87,0.0,0,0
15,CASH_IN,2251.68,C000737029,64152.89,61901.21,C005964916,20167.79,0.0,0,0
690,PAYMENT,1106.82,C001830958,484327.18,483220.36,C003671381,18941.93,0.0,0,0
141,CASH_IN,1560.77,C002054498,372680.9,371120.13,C007287411,357680.65,0.0,0,0
171,CASH_IN,4166.21,C000866473,112687.92,108521.70999999999,C009101164,384988.87,0.0,0,0
649,CASH_OUT,18759.56,C003923864,163275.33,144515.77,C007271721,195367.76,0.0,0,0
274,TRANSFER,5581.33,C003936006,436833.79,431252.45999999996,C005120435,80044.33,0.0,0,0
627,CASH_IN,479.82,C003091574,432094.62,431614.8,C000288877,494181.36,0.0,0,0
210,TRANSFER,675.15,C001704038,377675.47,377000.31999999995,C002334365,280735.01,0.0,0,0
502,PAYMENT,3168.75,C002195069,76156.59,72987.84,C006029850,328830.78,0.0,0,0
152,CASH_IN,367.4,C004830992,468317.63,467950.23,C009329458,498863.6,0.0,0,0
227,TRANSFER,10592.23,C000965059,240350.23,229758.0,C004407017,227300.25,0.0,0,0
156,CASH_IN,2972.79,C009403641,59331.44,56358.65,C007099548,103581.47,0.0,0,0
683,CASH_OUT,13594.74,C001834416,357773.46,344178.72000000003,C008611569,160209.39,0.0,0,0
188,PAYMENT,70766.73,C003784950,206160.52,135393.78999999998,C004982851,36254.65,0.0,0,0
118,CASH_OUT,4977.82,C002164085,367451.49,362473.67,C001166739,385400.33,0.0,0,0
261,DEBIT,2006.66,C008340073,221114.38,219107.72,C005390963,408883.64,0.0,0,0
203,TRANSFER,8705.6,C009730116,89452.79,80747.18999999999,C003121046,181991.17,0.0,0,0
105,CASH_OUT,11293.71,C009318074,111467.42,100173.70999999999,C007897256,264803.78,0.0,0,0
484,CASH_IN,1469.61,C003928501,145692.95,144223.34000000003,C006473401,247949.15,0.0,0,0
365,CASH_OUT,1043.79,C007180695,29625.93,28582.14,C007884201,387964.87,0.0,0,0
718,CASH_OUT,22984.75,C007440911,408035.95,385051.2,C007804417,125279.24,0.0,0,0
283,CASH_OUT,3279.75,C006968822,336312.11,333032.36,C003886678,466610.22,0.0,0,0
442,PAYMENT,14724.3,C002633039,14895.33,171.03000000000065,C009344354,488070.06,0.0,0,0
51,DEBIT,3126.0,C008230566,464022.33,460896.33,C004211254,350733.46,0.0,0,0
529,PAYMENT,3275.49,C003004135,27529.51,24254.019999999997,C005699565,492559.45,0.0,0,0
390,PAYMENT,9673.65,C009732826,311509.22,301835.56999999995,C009160945,189022.31,0.0,0,0
478,CASH_IN,143.88,C006265000,180219.62,180075.74,C007847567,24895.28,0.0,0,0
338,PAYMENT,863.55,C006055539,74327.03,73463.48,C002707769,416198.61,0.0,0,0
360,CASH_OUT,2479.14,C007439698,189662.93,187183.78999999998,C000546565,325103.54,0.0,0,0
401,DEBIT,6725.75,C002112369,365011.9,358286.15,C005261370,309229.13,0.0,0,0
501,PAYMENT,3448.35,C007223475,31750.46,28302.11,C004598810,189166.98,0.0,0,0
180,CASH_IN,144.6,C008522913,456532.58,456387.98000000004,C008343308,60521.12,0.0,0,0
730,DEBIT,1932.51,C005733362,359212.98,357280.47,C007491008,167228.86,0.0,0,0
639,PAYMENT,2089.16,C004098682,29643.32,27554.16,C005024935,301267.39,0.0,0,0
18,PAYMENT,13784.76,C006236801,106187.88,92403.12000000001,C000250977,217867.28,0.0,0,0
371,PAYMENT,5061.28,C002197548,475970.05,470908.76999999996,C007151610,182919.42,0.0,0,0
159,CASH_IN,35354.41,C005709380,22387.38,0.0,C000034446,317869.1,0.0,0,0
577,CASH_IN,301.41,C004891434,85525.01,85223.59999999999,C001098055,322398.03,0.0,0,0
542,CASH_IN,12109.32,C002739744,33563.21,21453.89,C009759698,129412.11,0.0,0,0
572,CASH_OUT,1342.14,C005705146,276140.45,274798.31,C008109242,275096.16,0.0,0,0
655,PAYMENT,6277.09,C006163017,3126.04,0.0,C001123117,142493.76,0.0,0,0
425,CASH_OUT,6537.53,C001515599,171865.54,165328.01,C001597081,215802.71,0.0,0,0
374,PAYMENT,1471.55,C007089872,420729.57,419258.02,C009077120,28081.98,0.0,0,0
548,PAYMENT,6647.57,C004759953,94356.6,87709.03,C004351034,102019.27,0.0,0,0
113,PAYMENT,9067.93,C001913738,213649.59,204581.66,C007149812,451723.59,0.0,0,0
661,TRANSFER,890.28,C005753865,277168.38,276278.1,C002854542,371540.67,0.0,0,0
707,TRANSFER,499.93,C000994549,452642.69,452142.76,C007865420,59507.41,0.0,0,0
555,PAYMENT,5061.86,C005885448,424390.42,419328.56,C009775092,104468.31,0.0,0,0
375,PAYMENT,66346.08,C009138333,376226.4,309880.32,C003567956,496242.68,0.0,0,0
455,DEBIT,9996.08,C001659600,273434.62,263438.54,C009521260,420684.63,0.0,0,0
741,PAYMENT,170177.17,C003168027,277828.65,107651.48000000001,C001914760,241036.48,0.0,0,0
419,PAYMENT,752.56,C005879344,395837.33,395084.77,C009413564,289067.21,0.0,0,0
167,CASH_OUT,5529.73,C007944945,6672.54,1142.8100000000004,C005869609,245725.96,0.0,0,0
676,PAYMENT,270.3,C008293528,185932.06,185661.76,C006340481,234012.1,0.0,0,0
25,CASH_OUT,21687.45,C005520597,5261.22,0.0,C006340876,264947.98,0.0,0,0
73,PAYMENT,1634.62,C001024028,324827.98,323193.36,C003241124,469266.98,0.0,0,0
231,TRANSFER,6019.21,C005778848,143009.45,136990.24000000002,C003306945,53757.43,0.0,0,0
399,CASH_OUT,830.56,C006576357,262509.05,261678.49,C002810307,57566.68,0.0,0,0
650,PAYMENT,1531.28,C001894222,422249.25,420717.97,C000829172,92952.37,0.0,0,0
337,PAYMENT,5902.29,C007616799,263069.28,257166.99000000002,C009042880,496775.66,0.0,0,0
444,CASH_IN,30372.75,C002305161,96072.43,65699.68,C004045969,156782.41,0.0,0,0
33,PAYMENT,628.12,C000011936,447701.17,447073.05,C006023923,23573.56,0.0,0,0
441,CASH_OUT,573.35,C000202574,82460.75,81887.4,C002208064,321774.25,0.0,0,0
17,CASH_IN,3396.57,C003325621,454110.31,450713.74,C009095921,452264.3,0.0,0,0
319,CASH_IN,26243.87,C002669664,143527.57,117283.70000000001,C009472460,289107.85,0.0,0,0
294,DEBIT,2641.78,C007707343,305810.68,303168.89999999997,C005917082,474572.91,0.0,0,0
341,CASH_OUT,1557.15,C006151944,456930.31,455373.16,C006160590,190536.61,0.0,0,0
79,CASH_OUT,6648.73,C008636951,328454.67,321805.94,C007733652,137456.53,0.0,0,0
360,CASH_OUT,3025.98,C004919949,371132.92,368106.94,C006968038,216450.56,0.0,0,0
648,PAYMENT,984.14,C007820383,407405.2,406421.06,C004740322,207874.32,0.0,0,0
423,CASH_IN,11298.9,C004646790,86662.52,75363.62000000001,C001178150,391993.46,0.0,0,0
126,PAYMENT,2716.72,C005118747,14101.82,11385.1,C008666261,463854.35,0.0,0,0
565,PAYMENT,47215.81,C001620110,425894.28,378678.47000000003,C002661827,327007.57,0.0,0,0
724,CASH_IN,2700.67,C002503854,215530.68,212830.00999999998,C000699996,285000.39,0.0,0,0
618,CASH_IN,2715.81,C005045237,349605.83,346890.02,C004117448,158559.13,0.0,0,0
89,CASH_IN,7591.77,C000069366,19830.47,12238.7,C008021042,390995.9,0.0,0,0
425,PAYMENT,45521.75,C007936483,229108.54,183586.79,C001812908,111789.09,0.0,0,0
357,CASH_IN,2704.1,C003000646,173922.93,171218.83,C005023295,265531.52,0.0,0,0
440,CASH_OUT,1183.78,C001357752,165351.12,164167.34,C002867116,59046.26,0.0,0,0
31,DEBIT,14842.03,C007981897,136984.57,122142.54000000001,C002484784,133415.53,0.0,0,0
458,CASH_OUT,869.09,C005021995,145152.4,144283.31,C001204888,203288.99,0.0,0,0
383,CASH_OUT,2046.47,C008815085,216594.13,214547.66,C005471774,226552.01,0.0,0,0
361,CASH_OUT,2014.26,C002731530,403239.01,401224.75,C009214888,142749.27,0.0,0,0
305,CASH_OUT,374.24,C009546574,285926.62,285552.38,C005608869,31351.57,0.0,0,0
221,CASH_OUT,3461.22,C001534068,197626.79,194165.57,C001568069,106890.84,0.0,0,0
128,PAYMENT,2418.0,C003780960,273358.9,270940.9,C008225527,44940.92,0.0,0,0
393,CASH_IN,2762.7,C003202413,427377.95,424615.25,C007594360,286251.99,0.0,0,0
538,TRANSFER,59706.08,C007745620,221786.52,162080.44,C000789575,226405.99,286112.07,1,0
287,PAYMENT,1205.77,C007991737,428840.99,427635.22,C007140569,366803.09,0.0,0,0
259,CASH_OUT,1447.01,C007725627,455491.47,454044.45999999996,C008823075,307912.87,0.0,0,0
516,CASH_OUT,3656.52,C009934493,444869.46,441212.94,C003910487,365798.81,0.0,0,0
13,CASH_OUT,2443.89,C003340224,121173.76,118729.87,C003501188,484801.3,0.0,0,0
2,PAYMENT,2100.48,C009312104,325830.42,323729.94,C002165766,181703.16,0.0,0,0
172,CASH_IN,6555.92,C006670870,387085.67,380529.75,C004380562,384724.38,0.0,0,0
377,CASH_OUT,1456.04,C002441218,78261.39,76805.35,C005109925,223514.63,0.0,0,0
7,PAYMENT,7708.52,C004655314,17617.41,9908.89,C004468773,292869.44,0.0,0,0
243,DEBIT,11822.07,C009429017,370823.27,359001.2,C000634570,297667.91,0.0,0,0
338,CASH_OUT,33521.61,C002332973,353235.54,319713.93,C000087194,139806.68,0.0,0,0
290,PAYMENT,1180.31,C000702060,423292.01,422111.7,C007636125,71007.56,0.0,0,0
593,CASH_OUT,4335.41,C008499316,268190.96,263855.55000000005,C009171708,269736.78,0.0,0,0
547,PAYMENT,1755.46,C007643683,101652.75,99897.29,C007601878,322324.67,0.0,0,0
146,CASH_IN,24026.83,C003874586,198353.05,174326.21999999997,C001824993,150718.75,0.0,0,0
373,PAYMENT,27530.25,C003559698,473656.97,446126.72,C009389472,215474.45,0.0,0,0
182,CASH_OUT,774.51,C008171831,427208.37,426433.86,C008613866,157549.21,0.0,0,0
550,PAYMENT,17865.31,C004686554,158079.94,140214.63,C002245412,241582.63,0.0,0,0
534,PAYMENT,4215.15,C005411838,178469.89,174254.74000000002,C008597511,101773.66,0.0,0,0
74,CASH_OUT,6273.64,C003408628,288526.93,282253.29,C005574793,114494.15,0.0,0,0
24,PAYMENT,6173.04,C002486253,376772.08,370599.04000000004,C007705289,139475.04,0.0,0,0
566,PAYMENT,11769.07,C002800897,74285.3,62516.23,C008254407,436590.26,0.0,0,0
573,DEBIT,7064.67,C001279560,115280.62,108215.95,C009490936,58267.62,0.0,0,0
666,PAYMENT,1794.02,C004417586,377894.92,376100.89999999997,C002662039,101632.07,0.0,0,0
547,PAYMENT,10101.67,C000337221,368093.37,357991.7,C001930511,449863.83,0.0,0,0
564,PAYMENT,1223.45,C002720853,339328.45,338105.0,C006665495,440984.82,0.0,0,0
475,CASH_IN,882.69,C000820674,249098.25,248215.56,C002777326,52374.69,0.0,0,0
601,PAYMENT,1615.71,C003034722,65312.52,63696.81,C007811387,172281.85,0.0,0,0
454,CASH_OUT,471.82,C001926101,10140.36,9668.54,C007067171,184030.55,0.0,0,0
519,CASH_IN,4818.08,C002857084,115859.42,111041.34,C004638439,422966.83,0.0,0,0
318,CASH_OUT,392.89,C008274372,51748.47,51355.58,C005059105,332220.86,0.0,0,0
340,CASH_OUT,138.61,C001383605,157007.34,156868.73,C006258012,444798.18,0.0,0,0
89,CASH_IN,490.14,C004483314,142418.53,141928.38999999998,C009804830,269595.74,0.0,0,0
533,CASH_OUT,1608.25,C006099286,26360.61,24752.36,C007855870,359818.34,0.0,0,0
70,CASH_OUT,34530.12,C006801018,295674.5,261144.38,C002632442,422055.74,0.0,0,0
642,CASH_OUT,4878.77,C006486629,250223.26,245344.49000000002,C005942711,480610.19,0.0,0,0
130,CASH_OUT,3959.94,C002261410,97225.34,93265.4,C008280761,475229.88,0.0,0,0
539,PAYMENT,1363.11,C002426280,210663.3,209300.19,C009473131,97915.79,0.0,0,0
362,CASH_IN,2221.07,C008115799,487066.85,484845.77999999997,C009899460,258709.39,0.0,0,0
352,PAYMENT,1377.63,C008315957,300.46,0.0,C005246914,377627.73,0.0,0,0
96,PAYMENT,943.73,C008722869,163177.4,162233.66999999998,C003754579,486021.15,0.0,0,0
711,DEBIT,29474.93,C003513608,237835.75,208360.82,C000689607,158078.22,0.0,0,0
659,CASH_OUT,6519.64,C005088521,202902.49,196382.84999999998,C003098817,236237.33,0.0,0,0
733,DEBIT,5043.27,C002011643,315405.47,310362.19999999995,C005421460,169510.82,0.0,0,0
76,CASH_IN,13980.2,C000293940,96206.01,82225.81,C001745991,133918.52,0.0,0,0
369,PAYMENT,7023.72,C006338074,58251.84,51228.119999999995,C000540178,39977.47,0.0,0,0
162,CASH_OUT,10035.97,C003118593,81521.63,71485.66,C005052375,457382.02,0.0,0,0
62,PAYMENT,2053.17,C004877654,46050.45,43997.28,C008962090,100221.22,0.0,0,0
100,CASH_IN,15112.74,C003084690,166799.55,151686.81,C006620570,141434.35,0.0,0,0
138,CASH_OUT,24032.19,C001061419,253268.75,229236.56,C002296426,388538.97,0.0,0,0
264,CASH_IN,15379.2,C006700705,277475.7,262096.5,C008970701,407689.57,0.0,0,0
340,CASH_OUT,31230.86,C008442701,194323.7,163092.84000000003,C003773700,218401.09,0.0,0,0
168,PAYMENT,3032.91,C000534673,309356.04,306323.13,C003829691,19381.17,0.0,0,0
674,CASH_OUT,555.19,C003111634,128073.63,127518.44,C002298005,81419.55,0.0,0,0
85,CASH_OUT,14620.05,C009375100,265351.65,250731.60000000003,C000961891,66612.42,0.0,0,0
703,TRANSFER,25133.85,C009810398,284957.95,259824.1,C000051014,319250.49,0.0,0,0
244,TRANSFER,6128.73,C004637793,232369.68,226240.94999999998,C008824566,443911.81,0.0,0,0
503,DEBIT,8853.12,C000742800,107889.45,99036.33,C001121211,359718.07,0.0,0,0
494,PAYMENT,3309.66,C003637332,408318.21,405008.55000000005,C007257979,333958.63,0.0,0,0
155,CASH_OUT,4748.8,C006913052,440422.74,435673.94,C009676550,62995.04,0.0,0,0
441,CASH_OUT,1456.24,C009258666,180748.52,179292.28,C002332009,47769.17,0.0,0,0
1,CASH_OUT,12222.29,C007897117,133244.26,121021.97,C005713943,211752.3,0.0,0,0
533,CASH_IN,619.53,C005397407,346438.48,345818.94999999995,C001673855,497499.43,0.0,0,0
696,PAYMENT,2170.8,C007276450,149451.93,147281.13,C000875816,187728.44,0.0,0,0
86,CASH_OUT,1391.96,C006811375,155219.01,153827.05000000002,C008213237,255779.99,0.0,0,0
739,CASH_OUT,8176.55,C000562888,164415.85,156239.30000000002,C003094916,398885.81,0.0,0,0
451,DEBIT,138.0,C002843498,186966.45,186828.45,C008018606,364985.38,0.0,0,0
609,CASH_OUT,11585.21,C002633860,446586.12,435000.91,C000965942,375322.38,0.0,0,0
262,CASH_IN,2079.42,C001766896,243471.9,241392.47999999998,C005478451,157161.91,0.0,0,0
699,PAYMENT,910.97,C008186519,25152.56,24241.59,C008550193,416102.46,0.0,0,0
178,PAYMENT,337.87,C006264805,202199.35,201861.48,C009091556,322246.81,0.0,0,0
234,DEBIT,415.96,C003830091,304574.94,304158.98,C005315556,251089.36,0.0,0,0
212,PAYMENT,13885.71,C001620870,124870.46,110984.75,C008657669,288314.55,0.0,0,0
583,CASH_IN,2025.25,C008512302,18278.08,16252.830000000002,C007104626,448663.71,0.0,0,0
516,PAYMENT,115287.63,C002755017,200197.16,84909.53,C005204307,489987.02,0.0,0,0
84,CASH_OUT,1784.62,C006570278,10011.21,8226.59,C001733099,66107.64,0.0,0,0
21,TRANSFER,1712.92,C004158322,497524.76,495811.84,C005478462,348149.52,0.0,0,0
26,CASH_IN,272.46,C008518103,310537.21,310264.75,C009749743,121686.63,0.0,0,0
164,CASH_OUT,9519.13,C007941877,61330.75,51811.62,C006730438,100054.45,0.0,0,0
225,PAYMENT,13537.4,C005184645,200452.83,186915.43,C009836377,493059.46,0.0,0,0
498,PAYMENT,2340.69,C005873108,14941.3,12600.609999999999,C003940490,388013.43,0.0,0,0
723,PAYMENT,3811.91,C003858745,252673.1,248861.19,C007233425,456394.29,0.0,0,0
15,CASH_OUT,202.45,C002701135,290994.22,290791.76999999996,C003930298,144474.97,0.0,0,0
730,CASH_IN,28440.97,C004002149,469956.24,441515.27,C006209342,291753.8,0.0,0,0
393,CASH_OUT,658.95,C004522057,110520.25,109861.3,C004778269,125351.56,0.0,0,0
361,PAYMENT,6091.66,C003424182,433790.93,427699.27,C004078943,234086.1,0.0,0,0
109,DEBIT,2824.95,C004708000,395043.02,392218.07,C009950762,471775.96,0.0,0,0
388,CASH_IN,4455.95,C007438421,39405.37,34949.420000000006,C000361269,159949.29,0.0,0,0
120,PAYMENT,9619.47,C001584272,229453.31,219833.84,C005573761,417671.38,0.0,0,0
232,CASH_IN,2757.96,C006142373,411426.18,408668.22,C006193058,3491.01,0.0,0,0
450,CASH_OUT,1549.18,C002918301,203127.62,201578.44,C002451164,366180.76,0.0,0,0
713,TRANSFER,932.03,C007170909,7164.3,6232.27,C000883899,320561.68,0.0,0,0
568,CASH_IN,14219.34,C008254357,129765.76,115546.42,C006485211,477024.26,0.0,0,0
504,PAYMENT,4259.99,C006055903,246638.98,242378.99000000002,C004974156,290556.64,0.0,0,0
473,CASH_IN,321.48,C008921924,482084.38,481762.9,C003335928,379987.37,0.0,0,0
739,PAYMENT,1837.59,C007072594,377772.98,375935.38999999996,C002248295,140581.47,0.0,0,0
77,CASH_IN,1429.23,C000403137,380698.49,379269.26,C007877025,451831.4,0.0,0,0
237,CASH_IN,3150.93,C002038262,476742.73,473591.8,C001844144,352752.4,0.0,0,0
461,PAYMENT,3185.46,C004164250,98833.25,95647.79,C000369169,152321.02,0.0,0,0
226,CASH_OUT,2438.05,C001088054,25346.88,22908.83,C007311749,470389.28,0.0,0,0
537,CASH_OUT,2557.9,C004618808,297040.62,294482.72,C006767948,379181.14,0.0,0,0
318,TRANSFER,702.29,C001773889,213194.87,212492.58,C007399373,97745.23,0.0,0,0
24,PAYMENT,6965.38,C007482153,185618.79,178653.41,C003361001,44860.13,0.0,0,0
277,TRANSFER,15954.44,C004800751,393820.14,377865.7,C008698764,223694.83,0.0,0,0
678,PAYMENT,13311.54,C002763037,438142.89,424831.35000000003,C006794827,432702.57,0.0,0,0
718,PAYMENT,2897.6,C003391367,250545.83,247648.22999999998,C006591956,47721.74,0.0,0,0
78,CASH_IN,2535.08,C008465256,269571.93,267036.85,C004121387,205022.11,0.0,0,0
335,CASH_IN,537.18,C002301481,58470.19,57933.01,C000906931,460414.55,0.0,0,0
61,CASH_IN,12609.2,C007161599,374583.24,361974.04,C005539856,388189.45,0.0,0,0
611,CASH_IN,1374.37,C005104965,240107.72,238733.35,C004897089,95486.08,0.0,0,0
463,PAYMENT,25973.4,C006307186,19161.06,0.0,C001813206,49693.07,0.0,0,0
305,PAYMENT,292.62,C006161575,338524.93,338232.31,C009159057,345729.36,0.0,0,0
11,TRANSFER,515.96,C001687981,404594.11,404078.14999999997,C009556526,283671.52,0.0,0,0
308,CASH_IN,5922.93,C005351133,358351.0,352428.07,C000518564,56957.21,0.0,0,0
108,PAYMENT,3422.33,C008659041,68567.58,65145.25,C000955883,129396.07,0.0,0,0
537,CASH_IN,791.53,C000758615,320879.54,320088.00999999995,C008018203,326299.22,0.0,0,0
561,TRANSFER,13143.8,C004490824,376188.28,363044.48000000004,C004796486,68652.13,0.0,0,0
713,PAYMENT,36179.3,C004935386,47358.4,11179.099999999999,C000799560,424292.16,0.0,0,0
349,PAYMENT,4087.4,C009488702,409919.35,405831.94999999995,C004982258,65343.81,0.0,0,0
208,CASH_OUT,6919.6,C004396648,57518.75,50599.15,C009281585,78900.22,0.0,0,0
290,TRANSFER,899.59,C002977660,270984.5,270084.91,C007690099,434375.99,0.0,0,0
588,CASH_IN,8964.08,C007585071,172728.84,163764.76,C002007777,205199.8,0.0,0,0
563,CASH_OUT,7741.82,C004985713,382411.52,374669.7,C006612810,190882.38,0.0,0,0
18,TRANSFER,1354.32,C001113625,71649.55,70295.23,C003339035,101121.09,0.0,0,0
398,DEBIT,2905.72,C004661758,62576.16,59670.44,C007976036,322512.07,0.0,0,0
122,PAYMENT,686.69,C009694692,385638.46,384951.77,C008558616,354507.27,0.0,0,0
129,CASH_OUT,1582.03,C004909741,60535.24,58953.21,C007127662,27177.83,0.0,0,0
220,CASH_OUT,2253.65,C007320135,109842.8,107589.15000000001,C008930536,138160.95,0.0,0,0
517,PAYMENT,24404.43,C008993006,231668.96,207264.53,C006003284,2499.63,0.0,0,0
576,CASH_IN,3418.19,C009477990,412516.01,409097.82,C005912997,313933.01,0.0,0,0
396,DEBIT,531.95,C008548674,173614.82,173082.87,C000912789,414839.23,0.0,0,0
599,CASH_OUT,2817.47,C003778120,114575.94,111758.47,C008129179,226909.55,0.0,0,0
690,PAYMENT,8028.6,C009803227,62063.33,54034.73,C009800350,85336.6,0.0,0,0
477,CASH_OUT,1544.51,C007300988,93957.77,92413.26000000001,C009022809,169559.03,0.0,0,0
5,CASH_OUT,138908.63,C002624624,243070.61,104161.97999999998,C006537075,220879.32,0.0,0,0
292,CASH_OUT,571.29,C006323667,411229.19,410657.9,C008056159,307196.62,0.0,0,0
489,PAYMENT,693.83,C008304646,474646.06,473952.23,C004758408,197433.92,0.0,0,0
133,PAYMENT,14429.81,C001126221,269035.0,254605.19,C009339990,208605.3,0.0,0,0
375,CASH_IN,7648.59,C008440312,266782.2,259133.61000000002,C003164591,119213.48,0.0,0,0
737,DEBIT,2196.9,C002190701,45859.23,43662.33,C008523079,399376.63,0.0,0,0
501,CASH_IN,4684.23,C005420919,448263.76,443579.53,C006282488,495241.04,0.0,0,0
107,CASH_IN,1934.34,C003175971,310229.35,308295.00999999995,C009444971,113820.14,0.0,0,0
679,PAYMENT,2296.76,C001371555,441684.34,439387.58,C005223829,327313.69,0.0,0,0
338,CASH_OUT,1941.6,C006124567,151065.52,149123.91999999998,C006295543,275887.47,0.0,0,0
4,CASH_IN,4618.02,C001104109,222058.0,217439.98,C008020927,441152.63,0.0,0,0
148,PAYMENT,9183.25,C000221070,240357.34,231174.09,C007650859,486757.82,0.0,0,0
390,PAYMENT,237.3,C006164703,373034.44,372797.14,C005901971,97306.28,0.0,0,0
719,PAYMENT,4775.06,C005429068,155627.88,150852.82,C008982876,400510.79,0.0,0,0
513,TRANSFER,21705.63,C004665596,277724.22,256018.58999999997,C008593487,205405.66,0.0,0,0
17,CASH_OUT,38.34,C008519057,22504.99,22466.65,C002808776,480849.2,0.0,0,0
232,CASH_OUT,23003.55,C009381083,476821.66,453818.11,C008930533,234964.02,0.0,0,0
138,TRANSFER,8110.37,C003572127,30467.12,22356.75,C004294240,275219.1,0.0,0,0
190,DEBIT,659.84,C001741792,349973.45,349313.61,C008656874,298970.5,0.0,0,0
164,PAYMENT,59240.74,C002590795,401172.09,341931.35000000003,C003334034,219995.34,0.0,0,0
162,CASH_IN,1195.79,C003892061,62968.97,61773.18,C007397214,18322.4,0.0,0,0
739,CASH_OUT,1283.18,C008137297,254776.5,253493.32,C005966652,470755.73,0.0,0,0
306,PAYMENT,1060.98,C005629213,2240.85,1179.87,C002403840,371192.56,0.0,0,0
293,CASH_IN,2735.91,C006861360,375194.31,372458.4,C009989706,378142.66,0.0,0,0
131,CASH_OUT,553.51,C003542103,484964.77,484411.26,C004672987,490992.99,0.0,0,0
422,PAYMENT,3698.71,C007097747,256078.5,252379.79,C005070030,218979.92,0.0,0,0
215,DEBIT,6227.08,C001336617,223185.0,216957.92,C000301108,54067.93,0.0,0,0
606,PAYMENT,8168.93,C009145851,215380.36,207211.43,C000076061,65749.53,0.0,0,0
308,CASH_OUT,3299.11,C000214236,315369.48,312070.37,C002521401,435851.32,0.0,0,0
173,PAYMENT,1564.68,C008825027,239979.3,238414.62,C003285460,121984.82,0.0,0,0
677,CASH_IN,394.86,C000454928,214909.74,214514.88,C004419614,190637.24,0.0,0,0
320,CASH_IN,8032.8,C009236810,130716.64,122683.84,C006681671,88459.72,0.0,0,0
115,TRANSFER,4788.23,C002334168,282784.51,277996.28,C001490281,307118.02,0.0,0,0
511,TRANSFER,944.31,C000936535,106385.05,105440.74,C003648927,41535.75,0.0,0,0
577,CASH_OUT,517.79,C003773591,400811.78,400293.99000000005,C003013905,277434.13,0.0,0,0
128,CASH_IN,1345.19,C008408508,432887.52,431542.33,C001530494,122228.04,0.0,0,0
215,TRANSFER,245.79,C008835807,386330.6,386084.81,C002370114,345781.88,0.0,0,0
411,CASH_OUT,14288.9,C005785157,76170.79,61881.88999999999,C002782111,297966.77,0.0,0,0
520,PAYMENT,19940.09,C007732089,52490.24,32550.149999999998,C006895310,404605.02,0.0,0,0
401,CASH_OUT,1035.09,C004558296,340510.82,339475.73,C001083346,339683.56,0.0,0,0
19,CASH_OUT,5428.83,C001393756,3775.25,0.0,C005412633,83372.18,0.0,0,0
433,CASH_OUT,23116.06,C004280582,61695.13,38579.06999999999,C000429922,193736.57,0.0,0,0
620,CASH_OUT,5418.29,C002219142,246330.64,240912.35,C006082097,100986.22,0.0,0,0
198,CASH_OUT,78081.89,C009644731,342531.35,264449.45999999996,C006344544,486408.34,0.0,0,0
90,PAYMENT,1749.8,C005812170,1778.97,29.170000000000073,C000241014,354351.68,0.0,0,0
193,PAYMENT,957.0,C006665582,165688.77,164731.77,C008965486,28371.69,0.0,0,0
737,PAYMENT,2818.04,C008973551,282073.25,279255.21,C006284043,408031.56,0.0,0,0
76,PAYMENT,8553.9,C008881469,4563.95,0.0,C004508135,320020.43,0.0,0,0
360,DEBIT,945.88,C007179750,477641.41,476695.52999999997,C008867300,149996.53,0.0,0,0
483,CASH_IN,13115.62,C007378784,115586.83,102471.21,C006502821,58370.71,0.0,0,0
659,PAYMENT,41427.94,C007284680,420208.1,378780.16,C004314196,305938.03,0.0,0,0
138,PAYMENT,1114.73,C008808720,157348.9,156234.16999999998,C003101105,230600.63,0.0,0,0
721,CASH_OUT,10293.35,C008407202,256589.08,246295.72999999998,C002492662,352400.89,0.0,0,0
212,TRANSFER,811.02,C000633042,294383.89,293572.87,C009838608,191834.03,0.0,0,0
710,CASH_OUT,15472.57,C007356449,26143.77,10671.2,C007600160,288881.06,0.0,0,0
412,TRANSFER,916.38,C007820706,466463.88,465547.5,C000363439,291633.02,0.0,0,0
737,DEBIT,37043.8,C003884408,318733.52,281689.72000000003,C003669600,15331.84,0.0,0,0
505,CASH_OUT,7232.12,C008412928,161244.29,154012.17,C000935537,139472.15,0.0,0,0
573,CASH_IN,2698.62,C002669754,82167.83,79469.21,C009637557,196560.53,0.0,0,0
586,PAYMENT,8808.36,C006236100,202896.95,194088.59000000003,C005475779,163377.13,0.0,0,0
258,CASH_OUT,1970.8,C004433584,194524.56,192553.76,C005130218,421694.11,0.0,0,0
628,PAYMENT,291.19,C006226874,399670.18,399378.99,C000369698,305386.26,0.0,0,0
410,TRANSFER,8217.52,C008081036,390345.63,382128.11,C003649325,496411.6,0.0,0,0
469,CASH_IN,2408.88,C007472375,200043.28,197634.4,C006796013,151745.89,0.0,0,0
172,CASH_IN,8488.19,C003301110,124446.95,115958.76,C007404768,214588.74,0.0,0,0
32,PAYMENT,2692.55,C009809633,499101.65,496409.10000000003,C007257181,445708.27,0.0,0,0
546,CASH_IN,7728.44,C004038484,418857.38,411128.94,C004489653,46245.06,0.0,0,0
210,PAYMENT,1207.92,C002604704,235819.49,234611.56999999998,C007818709,396477.41,0.0,0,0
509,PAYMENT,6366.11,C006442188,297333.43,290967.32,C008947385,109618.8,0.0,0,0
539,PAYMENT,10418.23,C002942993,252209.99,241791.75999999998,C005733457,302719.7,0.0,0,0
33,CASH_OUT,7884.67,C001068374,235463.57,227578.9,C006236384,442178.46,0.0,0,0
610,PAYMENT,4760.43,C000407704,63939.47,59179.04,C005535674,436324.34,0.0,0,0
393,CASH_IN,1542.98,C000000519,380532.41,378989.43,C000307680,204292.36,0.0,0,0
412,CASH_OUT,22498.21,C000021655,188323.47,165825.26,C007686690,73215.47,0.0,0,0
230,CASH_OUT,513.83,C009366350,266443.06,265929.23,C003378638,149404.14,0.0,0,0
77,PAYMENT,201.56,C000299004,267211.91,267010.35,C008922741,37727.96,0.0,0,0
258,PAYMENT,1110.25,C000984491,218658.39,217548.14,C000709128,384156.59,0.0,0,0
610,PAYMENT,266.14,C001593367,319225.86,318959.72,C008406199,368243.89,0.0,0,0
564,CASH_IN,9299.73,C009475738,342320.63,333020.9,C002646633,373616.13,0.0,0,0
585,PAYMENT,961.03,C005715327,57784.04,56823.01,C007325397,430593.2,0.0,0,0
502,CASH_OUT,8717.53,C005115022,48141.03,39423.5,C009820217,89274.85,0.0,0,0
181,PAYMENT,2562.18,C002327491,246111.02,243548.84,C002908558,92764.81,0.0,0,0
170,CASH_OUT,10337.57,C006944796,221136.44,210798.87,C006290939,140235.63,0.0,0,0
163,CASH_IN,1355.35,C009286739,2737.9,1382.5500000000002,C002134510,127271.9,0.0,0,0
113,PAYMENT,46367.52,C003465714,7827.95,0.0,C009885401,447834.89,0.0,0,0
480,PAYMENT,5538.47,C005956483,125681.1,120142.63,C004918322,26652.65,0.0,0,0
293,DEBIT,2648.75,C006995518,179407.55,176758.8,C005476655,289574.37,0.0,0,0
410,PAYMENT,403.81,C003192436,155231.98,154828.17,C001571572,450242.02,0.0,0,0
574,TRANSFER,9104.47,C007093103,39346.07,30241.6,C007613750,39861.49,0.0,0,0
254,PAYMENT,3006.16,C002615095,454471.42,451465.26,C004202635,440712.69,0.0,0,0
54,CASH_OUT,1387.43,C008782104,259757.82,258370.39,C006572892,380244.87,0.0,0,0
21,CASH_IN,2275.02,C003889506,53808.83,51533.810000000005,C000008134,64524.36,0.0,0,0
158,PAYMENT,32202.18,C000973208,94193.1,61990.920000000006,C006517151,229965.18,0.0,0,0
265,PAYMENT,9064.85,C000949975,188368.35,179303.5,C000098004,90466.91,0.0,0,0
488,PAYMENT,11639.22,C000180762,301711.7,290072.48000000004,C002153507,407924.51,0.0,0,0
631,PAYMENT,2468.85,C001650852,456199.6,453730.75,C001413572,295242.95,0.0,0,0
618,PAYMENT,3721.6,C007886667,426234.11,422512.51,C000876861,479104.37,0.0,0,0
524,PAYMENT,583.48,C008629688,304994.97,304411.49,C000991719,471152.55,0.0,0,0
288,PAYMENT,964.02,C005277170,443191.34,442227.32,C006726724,258813.78,0.0,0,0
174,PAYMENT,1328.63,C004644189,227716.29,226387.66,C005283606,397643.11,0.0,0,0
178,TRANSFER,257.4,C003305454,443537.83,443280.43,C007023362,471552.18,0.0,0,0
717,DEBIT,12459.94,C001454702,98774.83,86314.89,C003018650,465278.55,0.0,0,0
275,CASH_IN,477.13,C007271995,180553.83,180076.69999999998,C003911260,205368.67,0.0,0,0
166,CASH_OUT,1960.37,C002141190,184551.49,182591.12,C001759686,308284.63,0.0,0,0
284,PAYMENT,255.17,C005521708,312269.51,312014.34,C004875221,354181.6,0.0,0,0
493,TRANSFER,4206.74,C005485558,456985.62,452778.88,C002863720,5497.43,0.0,0,0
213,CASH_OUT,11508.04,C006985615,301222.97,289714.93,C005032539,115384.11,0.0,0,0
586,PAYMENT,1104.18,C002933763,240269.18,239165.0,C003286742,163550.56,0.0,0,0
266,PAYMENT,3701.06,C002757514,278167.47,274466.41,C000932531,429997.41,0.0,0,0
507,CASH_OUT,14496.05,C003655818,226980.88,212484.83000000002,C001191290,66922.73,0.0,0,0
285,CASH_IN,2583.34,C002379128,234632.16,232048.82,C007080676,39961.11,0.0,0,0
88,CASH_OUT,611.68,C009654590,64111.34,63499.659999999996,C001046150,120487.34,0.0,0,0
643,PAYMENT,2001.76,C006626313,268384.41,266382.64999999997,C006002642,181299.56,0.0,0,0
535,CASH_OUT,565.11,C005259851,318890.47,318325.36,C005373648,292405.79,0.0,0,0
261,CASH_OUT,1046.07,C007597202,345964.12,344918.05,C006914254,139745.24,0.0,0,0
550,PAYMENT,40138.85,C004492241,431097.15,390958.30000000005,C001495219,188389.63,0.0,0,0
652,CASH_IN,3285.75,C001250779,280577.63,277291.88,C009802387,282058.73,0.0,0,0
281,CASH_OUT,28258.4,C004241727,400190.42,371932.01999999996,C004384893,49727.27,0.0,0,0
306,PAYMENT,1100.39,C007293125,426975.27,425874.88,C008890376,40088.02,0.0,0,0
607,TRANSFER,1022.06,C008298138,461167.77,460145.71,C002699178,267651.89,0.0,0,0
647,CASH_IN,5225.9,C006078423,127066.6,121840.70000000001,C006176634,211026.49,0.0,0,0
588,CASH_OUT,3074.69,C009027775,428274.65,425199.96,C004318288,425913.31,0.0,0,0
51,CASH_OUT,1512.77,C008759392,260012.79,258500.02000000002,C007716547,311487.53,0.0,0,0
604,PAYMENT,3830.88,C004951721,226807.72,222976.84,C000980696,119228.88,0.0,0,0
595,CASH_IN,1263.72,C002226599,208386.93,207123.21,C009825295,83952.75,0.0,0,0
217,CASH_IN,12920.21,C002917894,13237.43,317.22000000000116,C007552189,203647.13,0.0,0,0
411,CASH_OUT,1248.81,C009436410,212778.31,211529.5,C003497353,40721.88,0.0,0,0
92,CASH_IN,2493.06,C007476702,342375.85,339882.79,C001869742,266877.6,0.0,0,0
92,CASH_IN,849.18,C009767538,24562.27,23713.09,C008698812,206555.68,0.0,0,0
514,CASH_IN,6062.53,C005948685,400931.04,394868.50999999995,C001681540,455083.17,0.0,0,0
479,PAYMENT,38773.0,C001123621,20274.24,0.0,C009040124,325079.34,0.0,0,0
391,PAYMENT,19424.98,C003654658,133113.34,113688.36,C001262496,224407.38,0.0,0,0
612,CASH_IN,7183.06,C005852376,182402.31,175219.25,C000326984,216088.81,0.0,0,0
342,PAYMENT,3188.7,C000752536,456891.4,453702.7,C008409890,24790.13,0.0,0,0
503,PAYMENT,2657.94,C000799894,85899.21,83241.27,C000267164,419448.51,0.0,0,0
527,PAYMENT,1378.52,C003891059,394508.44,393129.92,C003399761,387328.72,0.0,0,0
150,CASH_OUT,39718.79,C007944823,442920.59,403201.80000000005,C004692091,217305.79,0.0,0,0
332,PAYMENT,281.16,C008218353,15183.97,14902.81,C004871087,200170.9,0.0,0,0
243,PAYMENT,2447.7,C000053853,116887.92,114440.22,C008782734,120869.3,0.0,0,0
543,PAYMENT,11343.47,C009477947,45452.28,34108.81,C009450042,169390.34,0.0,0,0
1,CASH_IN,3164.41,C007002135,257892.05,254727.63999999998,C009346803,459870.22,0.0,0,0
602,CASH_OUT,454.53,C009002093,152277.53,151823.0,C007764938,253896.9,0.0,0,0
149,CASH_OUT,1512.2,C000379267,115480.01,113967.81,C003812274,235673.32,0.0,0,0
343,CASH_OUT,8590.21,C006845051,406488.95,397898.74,C008627253,314932.1,0.0,0,0
206,CASH_OUT,1687.59,C002819970,461432.66,459745.06999999995,C007192820,301881.62,0.0,0,0
425,CASH_OUT,691.69,C008868566,264602.62,263910.93,C002050140,100161.6,0.0,0,0
206,TRANSFER,2867.37,C009583979,254036.51,251169.14,C002450413,339578.65,0.0,0,0
356,CASH_IN,1119.93,C007709288,399823.48,398703.55,C000177218,77802.01,0.0,0,0
42,PAYMENT,30763.31,C000458027,370224.3,339460.99,C008750113,116173.62,0.0,0,0
211,DEBIT,1306.04,C002136338,299395.59,298089.55000000005,C004767468,381093.28,0.0,0,0
341,TRANSFER,27333.37,C006682334,282895.03,255561.66000000003,C000961374,170765.77,0.0,0,0
472,CASH_OUT,489.74,C000898694,88851.16,88361.42,C009941958,354188.27,0.0,0,0
412,PAYMENT,2132.22,C007053965,69071.22,66939.0,C002387884,27164.12,0.0,0,0
348,PAYMENT,14814.66,C002237199,300083.97,285269.31,C006506394,180506.78,0.0,0,0
678,PAYMENT,1282.22,C000471710,384706.49,383424.27,C000949469,486944.19,0.0,0,0
166,CASH_OUT,9575.25,C008485943,389435.63,379860.38,C008289006,380565.59,0.0,0,0
133,CASH_OUT,2878.87,C005139593,320471.58,317592.71,C005641283,172860.59,0.0,0,0
392,CASH_OUT,16150.14,C005365273,66757.68,50607.53999999999,C007385475,176824.13,0.0,0,0
400,CASH_OUT,4535.08,C004211375,122855.9,118320.81999999999,C002038923,93523.57,0.0,0,0
453,PAYMENT,3487.87,C003063883,279821.23,276333.36,C003018802,364216.65,0.0,0,0
347,CASH_IN,5811.72,C005604260,104736.55,98924.83,C003180547,108408.3,0.0,0,0
691,TRANSFER,5940.38,C001377417,323774.77,317834.39,C008250338,56736.28,0.0,0,0
582,CASH_IN,335.44,C001771132,337223.39,336887.95,C009320434,30373.85,0.0,0,0
585,CASH_IN,409.04,C006702649,475640.27,475231.23000000004,C008646569,265976.45,0.0,0,0
244,CASH_OUT,1041.5,C003150715,154064.8,153023.3,C005075303,338395.57,0.0,0,0
150,PAYMENT,3465.69,C005164178,2848.63,0.0,C001190601,406793.46,0.0,0,0
712,CASH_OUT,4014.65,C002321252,289864.55,285849.89999999997,C007077434,293008.43,0.0,0,0
144,PAYMENT,2438.92,C007399485,23505.59,21066.67,C004208886,465756.83,0.0,0,0
496,PAYMENT,19682.69,C009348746,251714.25,232031.56,C007417552,262917.1,0.0,0,0
675,PAYMENT,3903.81,C008077628,390320.46,386416.65,C005503441,171666.24,0.0,0,0
449,PAYMENT,85950.84,C007987415,421962.46,336011.62,C005822653,320310.52,0.0,0,0
720,PAYMENT,1440.17,C006232635,129423.48,127983.31,C006437192,126607.88,0.0,0,0
389,TRANSFER,2688.45,C001765168,300352.61,297664.16,C007048736,388077.4,0.0,0,0
367,CASH_OUT,7732.15,C006541149,446467.07,438734.92,C009990399,171747.87,0.0,0,0
663,CASH_IN,9723.56,C008427140,279417.63,269694.07,C004229583,170687.35,0.0,0,0
638,CASH_OUT,4423.88,C001400517,26276.53,21852.649999999998,C003719917,136517.51,0.0,0,0
342,PAYMENT,287.03,C005355532,109339.63,109052.6,C001283423,312192.27,0.0,0,0
322,CASH_OUT,2016.08,C002039517,343832.73,341816.64999999997,C007598996,499728.0,0.0,0,0
425,PAYMENT,5273.2,C005862080,463513.7,458240.5,C004982018,207227.93,0.0,0,0
228,CASH_IN,1685.17,C005901350,160614.88,158929.71,C005120322,238114.74,0.0,0,0
14,PAYMENT,4722.57,C005628723,446911.46,442188.89,C006625488,102753.99,0.0,0,0
338,CASH_IN,1978.78,C002443586,427229.9,425251.12,C003183987,363151.0,0.0,0,0
435,PAYMENT,20172.93,C005890930,468816.55,448643.62,C009229036,442083.77,0.0,0,0
307,PAYMENT,9050.02,C007230500,113501.38,104451.36,C001129002,254193.82,0.0,0,0
56,PAYMENT,675.68,C003494060,338503.93,337828.25,C000230278,315824.38,0.0,0,0
254,PAYMENT,2975.72,C002577270,205648.75,202673.03,C006650248,304344.82,0.0,0,0
612,CASH_OUT,2054.04,C008105528,208991.29,206937.25,C003157765,104029.89,0.0,0,0
180,CASH_OUT,621.23,C009162044,426710.96,426089.73000000004,C000892049,66563.18,0.0,0,0
79,CASH_IN,3017.23,C007630489,122115.77,119098.54000000001,C001154638,271450.69,0.0,0,0
339,CASH_IN,2148.81,C003504421,127270.07,125121.26000000001,C006257966,350810.5,0.0,0,0
277,DEBIT,5889.53,C004716453,44358.83,38469.3,C007161166,198901.34,0.0,0,0
104,PAYMENT,4515.9,C001728531,430752.97,426237.06999999995,C000512832,186317.29,0.0,0,0
601,CASH_OUT,5341.93,C001552098,466198.93,460857.0,C006251074,450993.42,0.0,0,0
708,CASH_IN,89.93,C004817862,411307.23,411217.3,C006976331,74110.66,0.0,0,0
599,PAYMENT,164.77,C006195030,414054.17,413889.39999999997,C003937171,22497.98,0.0,0,0
516,TRANSFER,28441.2,C005157785,492886.21,464445.01,C005235016,376546.76,0.0,0,0
330,PAYMENT,1258.97,C006404346,427172.97,425914.0,C004341862,349205.23,0.0,0,0
465,CASH_OUT,858.17,C009339167,319937.87,319079.7,C006860089,367541.25,0.0,0,0
116,PAYMENT,3378.83,C009950847,96831.65,93452.81999999999,C007107918,102704.42,0.0,0,0
616,CASH_OUT,3737.46,C009958711,140170.25,136432.79,C000938535,463.94,0.0,0,0
206,PAYMENT,3551.91,C008998522,430740.64,427188.73000000004,C005955707,80362.47,0.0,0,0
461,PAYMENT,13650.48,C005392872,1336.4,0.0,C003343082,8608.32,0.0,0,0
415,CASH_OUT,27569.53,C003311376,385425.42,357855.89,C009791364,395837.37,0.0,0,0
660,PAYMENT,10321.75,C003464691,417658.31,407336.56,C001582774,123396.06,0.0,0,0
1,DEBIT,1043.05,C001860503,352028.87,350985.82,C008948007,265148.84,0.0,0,0
574,CASH_IN,302.86,C006545532,15734.4,15431.539999999999,C005838112,226230.98,0.0,0,0
624,PAYMENT,8133.22,C000336989,153291.55,145158.33,C004994171,290592.3,0.0,0,0
610,PAYMENT,8000.48,C004676105,201700.13,193699.65,C004386784,4219.9,0.0,0,0
122,CASH_OUT,2424.19,C001494585,295294.33,292870.14,C000014690,244937.11,0.0,0,0
179,PAYMENT,1174.09,C001535566,93146.21,91972.12000000001,C002462809,443921.06,0.0,0,0
87,PAYMENT,1898.1,C002284119,401785.05,399886.95,C003440599,149011.55,0.0,0,0
629,CASH_OUT,9933.82,C008443978,190203.06,180269.24,C004863862,140893.98,0.0,0,0
682,PAYMENT,2163.99,C004778600,294660.99,292497.0,C009668566,358739.99,0.0,0,0
57,CASH_IN,83487.74,C009463565,8236.54,0.0,C005208777,375694.77,0.0,0,0
453,DEBIT,3361.63,C002451023,485514.1,482152.47,C004239631,121947.14,0.0,0,0
63,CASH_OUT,425.38,C004368213,108430.43,108005.04999999999,C008285550,496927.34,0.0,0,0
430,DEBIT,4658.01,C002016773,75890.2,71232.19,C000661515,492880.84,0.0,0,0
733,CASH_OUT,7183.52,C006509467,460538.28,453354.76,C000842618,303760.95,0.0,0,0
416,DEBIT,7078.42,C000488835,148641.49,141563.06999999998,C005028572,141537.18,0.0,0,0
180,DEBIT,564.82,C007046715,476745.29,476180.47,C008528722,69064.27,0.0,0,0
665,PAYMENT,18276.5,C000952262,296963.91,278687.41,C002324322,216148.12,0.0,0,0
512,CASH_IN,986.84,C003343211,183290.23,182303.39,C005892777,148385.64,0.0,0,0
501,PAYMENT,1178.17,C005343034,5975.52,4797.35,C001043985,461804.01,0.0,0,0
496,PAYMENT,6102.41,C004284401,69457.78,63355.369999999995,C000430180,362065.04,0.0,0,0
468,CASH_IN,1636.44,C000767454,159062.38,157425.94,C008717778,83150.91,0.0,0,0
686,PAYMENT,86641.86,C004273510,127065.35,40423.490000000005,C005602088,133170.1,0.0,0,0
494,CASH_IN,4833.63,C007229325,128848.12,124014.48999999999,C000185528,29477.25,0.0,0,0
359,PAYMENT,12644.01,C008179969,14018.5,1374.4899999999998,C004409659,43408.8,0.0,0,0
181,PAYMENT,697.07,C000491112,324992.82,324295.75,C008994538,363839.97,0.0,0,0
171,CASH_OUT,900.83,C004881252,434433.19,433532.36,C006617026,211632.49,0.0,0,0
532,PAYMENT,13698.57,C007910300,65794.66,52096.090000000004,C003598886,314669.9,0.0,0,0
159,PAYMENT,2467.33,C005103244,401507.64,399040.31,C009806823,44288.51,0.0,0,0
455,CASH_OUT,1977.4,C000075372,340290.18,338312.77999999997,C007247664,292421.85,0.0,0,0
521,CASH_IN,3738.99,C001956157,385083.5,381344.51,C007707837,476791.77,0.0,0,0
60,CASH_IN,1940.73,C000865141,400573.34,398632.61000000004,C000947387,61799.12,0.0,0,0
396,DEBIT,8207.07,C000664068,64391.29,56184.22,C009173852,23963.39,0.0,0,0
219,PAYMENT,936.25,C009075551,256401.17,255464.92,C000852928,18768.79,0.0,0,0
738,CASH_OUT,262.46,C005430494,272148.99,271886.52999999997,C009777218,417043.9,0.0,0,0
127,DEBIT,727.56,C007475725,421332.56,420605.0,C002437709,310822.02,0.0,0,0
682,CASH_IN,6899.0,C003518877,293664.35,286765.35,C001570007,105470.34,0.0,0,0
602,PAYMENT,6437.4,C000047831,219329.68,212892.28,C003498859,262286.86,0.0,0,0
426,CASH_IN,2331.38,C006607319,256461.9,254130.52,C005191993,404954.76,0.0,0,0
208,TRANSFER,34917.6,C004426237,223325.92,188408.32,C009011434,228541.27,0.0,0,0
568,CASH_IN,1103.04,C004389558,485346.9,484243.86000000004,C001883894,23564.68,0.0,0,0
14,PAYMENT,1044.45,C008911772,89831.02,88786.57,C006617177,241058.22,0.0,0,0
452,CASH_IN,9101.69,C003577031,62035.46,52933.77,C007508709,408724.7,0.0,0,0
162,PAYMENT,4179.56,C002458830,148719.37,144539.81,C007599029,318444.21,0.0,0,0
125,PAYMENT,6566.31,C003961069,271559.25,264992.94,C004426623,448237.42,0.0,0,0
436,CASH_IN,110.65,C008563304,239664.51,239553.86000000002,C008756091,146147.13,0.0,0,0
212,TRANSFER,323.47,C006220565,177242.34,176918.87,C003640346,393331.66,0.0,0,0
453,PAYMENT,1828.91,C001462871,389821.62,387992.71,C006540610,435976.72,0.0,0,0
310,TRANSFER,1466.31,C001336075,13763.99,12297.68,C007422761,67368.13,0.0,0,0
69,CASH_OUT,3530.02,C003169534,302142.82,298612.8,C007149884,209760.94,0.0,0,0
23,PAYMENT,9459.62,C003696849,437544.57,428084.95,C009068601,328665.87,0.0,0,0
514,CASH_OUT,200816.69,C000977693,374068.07,173251.38,C006353682,313024.8,0.0,0,0
263,PAYMENT,558.04,C007566820,299619.78,299061.74000000005,C000155814,168689.65,0.0,0,0
368,PAYMENT,1488.63,C006832290,253620.62,252131.99,C007129401,145439.21,0.0,0,0
227,PAYMENT,2730.57,C004165163,435787.46,433056.89,C005071386,388004.14,0.0,0,0
295,PAYMENT,1788.73,C005691050,305670.6,303881.87,C006544907,62838.07,0.0,0,0
726,CASH_OUT,143.44,C007173617,427167.47,427024.02999999997,C003274440,176432.75,0.0,0,0
567,CASH_IN,798.96,C000674910,76358.95,75559.98999999999,C000165995,233776.8,0.0,0,0
473,PAYMENT,4474.65,C008499821,305039.68,300565.02999999997,C004432405,72244.33,0.0,0,0
625,PAYMENT,4898.38,C003829374,346226.44,341328.06,C001324031,375858.13,0.0,0,0
516,PAYMENT,18396.4,C005320657,156951.57,138555.17,C006131161,218190.15,0.0,0,0
282,PAYMENT,2225.43,C001130626,195345.72,193120.29,C006796162,405068.82,0.0,0,0
459,PAYMENT,2208.08,C003355615,158765.59,156557.51,C007121375,407095.18,0.0,0,0
495,PAYMENT,5330.95,C009189319,231143.65,225812.69999999998,C000355870,137224.0,0.0,0,0
445,PAYMENT,1203.14,C002674270,420954.87,419751.73,C001577993,249453.06,0.0,0,0
385,CASH_IN,200.27,C004971183,73896.57,73696.3,C007932363,239356.25,0.0,0,0
213,CASH_IN,4927.02,C007687385,477582.41,472655.38999999996,C003709432,41542.09,0.0,0,0
529,PAYMENT,9721.93,C003957460,198000.37,188278.44,C001516774,253208.99,0.0,0,0
547,CASH_OUT,9637.13,C005754208,222325.73,212688.6,C001508392,356658.91,0.0,0,0
601,TRANSFER,516.46,C007392819,493787.6,493271.13999999996,C003648702,210755.23,0.0,0,0
670,CASH_OUT,7163.87,C006471852,91291.55,84127.68000000001,C006192564,399399.23,0.0,0,0
401,CASH_IN,19810.41,C007674746,83209.42,63399.009999999995,C000031436,202971.79,0.0,0,0
627,PAYMENT,2343.08,C006388530,114210.67,111867.59,C006430680,350601.87,0.0,0,0
283,PAYMENT,6451.58,C001001330,213938.24,207486.66,C001680994,384261.54,0.0,0,0
18,TRANSFER,138.66,C002398601,291760.56,291621.9,C005114923,246979.75,0.0,0,0
499,CASH_OUT,173405.77,C005616082,108485.84,0.0,C007248081,126127.79,0.0,0,0
247,TRANSFER,1095.39,C009185258,236978.4,235883.00999999998,C002999495,105156.33,0.0,0,0
627,PAYMENT,6277.73,C007653720,230554.33,224276.59999999998,C006141768,452800.77,0.0,0,0
94,PAYMENT,22983.11,C004455262,123778.49,100795.38,C006504914,297243.74,0.0,0,0
97,DEBIT,812.66,C009022010,55648.32,54835.659999999996,C006608336,377719.53,0.0,0,0
87,CASH_IN,1878.45,C001876157,314502.53,312624.08,C000678229,238180.0,0.0,0,0
433,PAYMENT,1560.0,C007767768,188954.35,187394.35,C007154113,276310.21,0.0,0,0
457,CASH_IN,1313.74,C005647813,137325.76,136012.02000000002,C005999570,129722.36,0.0,0,0
230,CASH_OUT,3863.21,C007355629,214506.66,210643.45,C007074497,10838.8,0.0,0,0
3,CASH_OUT,34540.46,C009454449,174212.77,139672.31,C008281563,37630.19,0.0,0,0
116,PAYMENT,5932.97,C005045669,445622.81,439689.84,C007995215,82476.18,0.0,0,0
23,CASH_IN,4006.38,C009387825,227598.66,223592.28,C009322276,187172.16,0.0,0,0
140,CASH_OUT,1474.25,C001574018,105016.63,103542.38,C001546984,494986.26,0.0,0,0
483,CASH_IN,1822.99,C000212391,489398.13,487575.14,C001852887,132595.55,0.0,0,0
358,PAYMENT,1489.24,C003285456,456263.47,454774.23,C003393051,22759.8,0.0,0,0
264,TRANSFER,4578.57,C002160014,86935.84,82357.26999999999,C003335924,412960.09,0.0,0,0
706,CASH_OUT,3182.56,C006686006,177727.25,174544.69,C007843976,37984.26,0.0,0,0
413,CASH_OUT,14287.87,C006545587,450940.52,436652.65,C006941991,365092.73,0.0,0,0
481,PAYMENT,78106.7,C003977005,481956.15,403849.45,C000049180,21432.62,0.0,0,0
141,CASH_OUT,17165.84,C008298221,376534.34,359368.5,C002160602,399191.56,0.0,0,0
222,CASH_OUT,2602.61,C000668645,150047.27,147444.66,C001943981,42979.97,0.0,0,0
498,PAYMENT,10246.67,C006668472,311731.95,301485.28,C009153854,290831.44,0.0,0,0
163,PAYMENT,52717.83,C009357508,135300.17,82582.34000000001,C002163271,301111.16,0.0,0,0
489,PAYMENT,250.73,C006838685,275037.34,274786.61000000004,C009586532,464109.25,0.0,0,0
442,CASH_IN,2514.93,C009240770,7586.64,5071.710000000001,C007794874,89579.65,0.0,0,0
615,CASH_IN,52961.06,C004739372,278855.93,225894.87,C000943897,395964.84,0.0,0,0
404,CASH_IN,17051.55,C007502441,447960.01,430908.46,C008342620,189550.3,0.0,0,0
460,CASH_OUT,3377.26,C006963505,275773.79,272396.52999999997,C008048302,303106.3,0.0,0,0
101,PAYMENT,4726.32,C001301210,319324.82,314598.5,C007918011,483088.69,0.0,0,0
117,PAYMENT,3316.06,C001904174,191430.51,188114.45,C007150519,441616.36,0.0,0,0
328,CASH_IN,1926.37,C009525994,106202.03,104275.66,C007021407,150828.78,0.0,0,0
311,PAYMENT,3275.67,C007523672,4088.47,812.7999999999997,C005555550,432308.48,0.0,0,0
299,CASH_OUT,1485.33,C008023703,431194.1,429708.76999999996,C009798674,406437.88,0.0,0,0
615,TRANSFER,5903.7,C000631092,141640.1,135736.4,C000133070,91548.66,0.0,0,0
700,CASH_OUT,523.8,C000112330,419519.26,418995.46,C008753189,116034.51,0.0,0,0
163,PAYMENT,17925.85,C004118106,319368.59,301442.74000000005,C003074657,214469.64,0.0,0,0
642,CASH_IN,993.4,C009810648,453969.22,452975.81999999995,C005952049,175065.23,0.0,0,0
63,PAYMENT,1801.79,C009524265,284464.3,282662.51,C003476553,1945.24,0.0,0,0
25,PAYMENT,661.13,C009581789,426363.67,425702.54,C008570497,47114.51,0.0,0,0
411,CASH_IN,1377.24,C008455132,51060.77,49683.53,C002866240,106612.86,0.0,0,0
152,DEBIT,1408.21,C005279786,474386.97,472978.75999999995,C002249097,347483.35,0.0,0,0
355,CASH_IN,6179.19,C004491789,221547.57,215368.38,C002259349,333329.16,0.0,0,0
701,CASH_OUT,3049.52,C005784331,439517.38,436467.86,C004177474,440012.19,0.0,0,0
16,PAYMENT,1217.68,C007634749,157785.26,156567.58000000002,C004346139,316913.88,0.0,0,0
466,PAYMENT,6746.24,C004441489,487175.25,480429.01,C007011053,63035.01,0.0,0,0
642,CASH_IN,750.22,C006931032,346915.92,346165.7,C004594337,259186.45,0.0,0,0
371,CASH_OUT,22053.74,C001634676,74724.87,52671.12999999999,C001033375,318964.59,0.0,0,0
47,CASH_OUT,3139.82,C001711140,266162.33,263022.51,C001951927,324964.34,0.0,0,0
52,DEBIT,401.63,C006920045,326042.59,325640.96,C001525526,89934.26,0.0,0,0
19,PAYMENT,12169.28,C001314621,190963.94,178794.66,C004616644,436391.51,0.0,0,0
182,PAYMENT,2521.42,C007854137,163697.1,161175.68,C007935853,72144.99,0.0,0,0
704,CASH_OUT,896.45,C000314887,336735.69,335839.24,C007367916,441006.71,0.0,0,0
605,CASH_IN,5338.08,C000043371,464367.1,459029.01999999996,C005668715,361486.73,0.0,0,0
56,PAYMENT,628.83,C001613632,123464.11,122835.28,C000777795,259939.1,0.0,0,0
114,PAYMENT,795.12,C003455729,197389.05,196593.93,C004346277,187563.76,0.0,0,0
650,DEBIT,568.24,C001691572,18836.34,18268.1,C007944153,490272.02,0.0,0,0
687,DEBIT,1837.35,C002457833,169468.87,167631.52,C001980010,425967.12,0.0,0,0
220,PAYMENT,2744.97,C008444253,453401.33,450656.36000000004,C002197768,98427.69,0.0,0,0
326,PAYMENT,10626.08,C003541005,269625.09,258999.01000000004,C003110661,65877.56,0.0,0,0
168,PAYMENT,19823.14,C001683165,183038.56,163215.41999999998,C001359308,185281.29,0.0,0,0
253,CASH_OUT,182.58,C004562602,299906.87,299724.29,C005398551,68014.74,0.0,0,0
576,PAYMENT,806.4,C006688990,206560.92,205754.52000000002,C000080164,153243.27,0.0,0,0
680,CASH_IN,2217.83,C002764491,263617.3,261399.47,C009547660,240500.76,0.0,0,0
578,PAYMENT,9864.38,C004292193,215077.22,205212.84,C008712593,85009.22,0.0,0,0
733,CASH_OUT,8112.8,C004753280,245021.02,236908.22,C009882779,396922.23,0.0,0,0
141,PAYMENT,3024.85,C007733974,363657.47,360632.62,C000726635,388851.54,0.0,0,0
68,PAYMENT,1039.58,C006634387,166127.02,165087.44,C002875668,404004.04,0.0,0,0
140,CASH_OUT,381.01,C000531995,44325.43,43944.42,C005181688,198324.67,0.0,0,0
738,DEBIT,3487.46,C006076570,287469.38,283981.92,C007063247,247490.21,0.0,0,0
548,PAYMENT,2836.93,C000181339,454944.3,452107.37,C004535997,264314.06,0.0,0,0
527,CASH_IN,6772.03,C009770437,329205.39,322433.36,C007309449,192852.64,0.0,0,0
160,PAYMENT,1558.61,C002317034,216173.63,214615.02000000002,C007122262,371695.62,0.0,0,0
142,CASH_IN,1477.78,C003335610,53525.88,52048.1,C001076053,288678.03,0.0,0,0
408,PAYMENT,683.12,C007932439,18389.45,17706.33,C005232888,297692.12,0.0,0,0
216,TRANSFER,5379.16,C002215190,358913.07,353533.91000000003,C006524673,317552.18,0.0,0,0
414,PAYMENT,138.69,C007606725,362450.74,362312.05,C008975979,376751.28,0.0,0,0
576,DEBIT,401.3,C001549147,95629.12,95227.81999999999,C000678364,351975.53,0.0,0,0
138,CASH_IN,1897.45,C005171859,345825.73,343928.27999999997,C004639645,207606.15,0.0,0,0
235,CASH_OUT,1124.25,C004586397,323286.88,322162.63,C009915046,465090.55,0.0,0,0
479,PAYMENT,9908.93,C009576658,372906.25,362997.32,C009964377,390461.76,0.0,0,0
192,TRANSFER,1443.47,C008470874,70900.31,69456.84,C003254988,291962.26,0.0,0,0
54,CASH_IN,5570.6,C005662666,228727.99,223157.38999999998,C003795327,263972.97,0.0,0,0
732,PAYMENT,3505.49,C000207307,298918.12,295412.63,C005399089,36233.14,0.0,0,0
84,CASH_OUT,3436.78,C007374374,247279.09,243842.31,C002216553,480933.99,0.0,0,0
625,PAYMENT,4881.72,C009276669,489000.79,484119.07,C007386523,181044.46,0.0,0,0
590,CASH_IN,10728.54,C001233650,121070.39,110341.85,C004807192,215903.82,0.0,0,0
635,CASH_IN,5377.07,C001402022,497862.99,492485.92,C004739096,139271.59,0.0,0,0
44,TRANSFER,5235.51,C002567503,202541.39,197305.88,C009400175,385568.58,0.0,0,0
622,CASH_OUT,1872.32,C009328937,340491.94,338619.62,C000178413,319926.42,0.0,0,0
435,CASH_IN,6067.75,C008557381,314717.1,308649.35,C003791652,120885.8,0.0,0,0
490,CASH_IN,3833.87,C007439129,1711.94,0.0,C008269902,208387.12,0.0,0,0
392,CASH_IN,1031.52,C006773668,20900.58,19869.06,C000050941,496636.54,0.0,0,0
723,CASH_OUT,8417.9,C008630539,88253.25,79835.35,C003573934,372228.2,0.0,0,0
181,PAYMENT,3572.2,C005472013,475166.26,471594.06,C002271445,84553.69,0.0,0,0
127,CASH_OUT,4895.08,C009282265,164463.58,159568.5,C007557956,34618.49,0.0,0,0
194,CASH_OUT,2997.51,C008882516,242532.02,239534.50999999998,C004056678,357289.28,0.0,0,0
612,DEBIT,100168.45,C002362317,400518.27,300349.82,C000004501,493617.57,0.0,0,0
369,CASH_IN,2165.64,C000522707,323198.61,321032.97,C002370356,146236.9,0.0,0,0
685,CASH_IN,7125.72,C006006980,124902.56,117776.84,C004650241,103522.69,0.0,0,0
31,PAYMENT,17719.77,C003694332,89135.54,71415.76999999999,C002677647,315465.12,0.0,0,0
31,DEBIT,450.37,C003779315,13728.7,13278.33,C001286104,422340.74,0.0,0,0
339,CASH_IN,2710.2,C009603098,133550.04,130839.84000000001,C008826984,150796.73,0.0,0,0
583,CASH_OUT,18989.23,C006621390,206213.23,187224.0,C005587231,130044.16,0.0,0,0
305,CASH_IN,2626.19,C000059075,126588.12,123961.93,C008723044,825.24,0.0,0,0
569,CASH_IN,7244.55,C008494622,388504.77,381260.22000000003,C001379741,413186.8,0.0,0,0
713,CASH_OUT,15529.42,C007948325,202875.1,187345.68,C005187919,452581.72,0.0,0,0
59,PAYMENT,7206.55,C002552719,360677.09,353470.54000000004,C003243968,305912.17,0.0,0,0
614,PAYMENT,1300.87,C002425893,205948.7,204647.83000000002,C003197540,226115.76,0.0,0,0
490,PAYMENT,1080.63,C002567075,399226.85,398146.22,C005379529,331162.48,0.0,0,0
133,CASH_IN,3795.84,C001383493,11759.96,7964.119999999999,C004007771,171576.59,0.0,0,0
484,TRANSFER,153.72,C007146503,406484.92,406331.2,C007518879,157720.8,0.0,0,0
233,TRANSFER,683.91,C005053078,173694.25,173010.34,C003733739,37276.68,0.0,0,0
459,PAYMENT,6463.17,C009688616,390704.31,384241.14,C009502593,161283.16,0.0,0,0
704,CASH_IN,306.0,C005992177,399276.41,398970.41,C001807849,10201.18,0.0,0,0
350,CASH_OUT,69449.73,C001412865,370214.42,300764.69,C005920327,76005.53,0.0,0,0
228,TRANSFER,2315.72,C008781206,491639.94,489324.22000000003,C007396647,130080.6,0.0,0,0
51,TRANSFER,2462.81,C004204625,236502.73,234039.92,C008447249,444473.85,0.0,0,0
241,PAYMENT,921.42,C002823705,313109.2,312187.78,C005674436,452717.34,0.0,0,0
695,TRANSFER,43334.47,C004052333,19763.71,0.0,C007827384,17878.75,0.0,0,0
658,PAYMENT,834.98,C009071530,173895.71,173060.72999999998,C000790480,281906.56,0.0,0,0
604,CASH_IN,6179.73,C000596324,408469.49,402289.76,C008417585,195504.7,0.0,0,0
543,PAYMENT,281.94,C006052894,17771.62,17489.68,C000521044,105576.31,0.0,0,0
543,CASH_OUT,4126.81,C003829848,316222.69,312095.88,C004604989,322557.06,0.0,0,0
232,TRANSFER,677.31,C003083824,16917.28,16239.97,C001208363,371012.68,0.0,0,0
108,CASH_IN,6436.0,C004275316,27206.99,20770.99,C005438489,58047.02,0.0,0,0
294,PAYMENT,3987.88,C003465897,241820.88,237833.0,C002627725,266196.27,0.0,0,0
238,CASH_OUT,3638.29,C009945936,456679.91,453041.62,C000951606,200738.0,0.0,0,0
641,PAYMENT,371.4,C004411512,356939.74,356568.33999999997,C001428152,367142.62,0.0,0,0
53,CASH_IN,13813.24,C009620054,303258.64,289445.4,C009889583,410064.76,0.0,0,0
212,DEBIT,2354.93,C003112942,233665.57,231310.64,C001212956,276188.92,0.0,0,0
438,CASH_OUT,3754.48,C003493274,117197.55,113443.07,C008937923,485690.56,0.0,0,0
34,CASH_OUT,26000.44,C005082369,95785.31,69784.87,C002487360,258753.92,0.0,0,0
158,TRANSFER,790.18,C002689267,429701.94,428911.76,C003575812,226339.31,0.0,0,0
515,PAYMENT,104616.24,C004008845,389301.81,284685.57,C008971702,177575.56,0.0,0,0
400,DEBIT,3469.7,C002799514,7337.63,3867.9300000000003,C004990633,180340.84,0.0,0,0
324,DEBIT,3954.55,C006554323,92028.91,88074.36,C001329112,227981.5,0.0,0,0
319,TRANSFER,22990.99,C007152379,263994.4,241003.41000000003,C007277689,175137.68,0.0,0,0
47,CASH_IN,799.87,C008929871,150569.66,149769.79,C005389503,414377.78,0.0,0,0
79,CASH_IN,13611.15,C001925888,159199.65,145588.5,C005013802,264210.03,0.0,0,0
152,CASH_IN,30643.86,C007295137,10008.42,0.0,C003607133,101526.69,0.0,0,0
677,TRANSFER,3807.36,C004352531,416489.99,412682.63,C004026893,46582.43,0.0,0,0
47,TRANSFER,11232.44,C002315388,327319.79,316087.35,C002560353,118380.66,0.0,0,0
455,CASH_IN,2652.85,C006213537,133760.5,131107.65,C003276669,307992.78,0.0,0,0
71,DEBIT,9898.74,C006651345,489606.6,479707.86,C001286978,152473.51,0.0,0,0
62,PAYMENT,1126.45,C003547490,339461.37,338334.92,C006719483,263950.49,0.0,0,0
332,CASH_OUT,6019.32,C003773444,215345.01,209325.69,C003751938,221807.28,0.0,0,0
186,PAYMENT,4885.94,C003936949,486212.55,481326.61,C008282112,185167.65,0.0,0,0
216,CASH_IN,1291.04,C005373762,90043.14,88752.1,C004121729,62960.24,0.0,0,0
93,CASH_OUT,822.82,C008122770,21297.16,20474.34,C009224784,143981.72,0.0,0,0
513,PAYMENT,2266.81,C007948492,44081.47,41814.66,C008506419,370304.61,0.0,0,0
619,CASH_IN,5924.4,C007336387,126861.26,120936.86,C008647782,167739.64,0.0,0,0
435,CASH_IN,864.91,C006396275,440649.05,439784.14,C008307077,244321.29,0.0,0,0
32,PAYMENT,9065.06,C004030915,378294.17,369229.11,C007087606,308646.26,0.0,0,0
228,CASH_OUT,7270.14,C006089791,354137.28,346867.14,C001043282,44888.92,0.0,0,0
326,PAYMENT,8294.08,C004022196,448584.34,440290.26,C004638524,305017.76,0.0,0,0
135,PAYMENT,3435.55,C000279876,309747.0,306311.45,C000785742,47362.36,0.0,0,0
17,PAYMENT,595.18,C003340406,318779.71,318184.53,C003485953,349735.29,0.0,0,0
29,PAYMENT,281.2,C003602895,393951.24,393670.04,C007666903,294288.56,0.0,0,0
400,CASH_IN,1035.44,C002369305,373498.94,372463.5,C009073414,487110.37,0.0,0,0
286,DEBIT,1671.12,C004299309,224119.99,222448.87,C000921095,109225.31,0.0,0,0
432,PAYMENT,1546.85,C003253785,100327.55,98780.7,C001945512,44280.72,0.0,0,0
617,PAYMENT,354.41,C007496371,338477.89,338123.48000000004,C004179839,434074.39,0.0,0,0
63,TRANSFER,1942.59,C005950274,397361.47,395418.87999999995,C006537165,118886.43,0.0,0,0
690,PAYMENT,4438.42,C008321843,328811.25,324372.83,C005664556,472878.85,0.0,0,0
481,CASH_IN,89926.28,C003707707,452359.09,362432.81000000006,C000898836,238580.32,0.0,0,0
289,CASH_IN,24517.69,C007335744,330828.25,306310.56,C006655750,417292.64,0.0,0,0
189,PAYMENT,3554.6,C009691310,5334.09,1779.4900000000002,C001551595,74794.37,0.0,0,0
532,CASH_IN,45613.19,C000002995,431172.23,385559.04,C001789311,158953.52,0.0,0,0
573,PAYMENT,5719.21,C007423402,197306.0,191586.79,C004077946,280429.2,0.0,0,0
523,CASH_OUT,1146.63,C005398792,412873.81,411727.18,C008339907,392232.39,0.0,0,0
275,CASH_IN,5736.1,C005621698,127267.99,121531.89,C003295676,455014.86,0.0,0,0
372,PAYMENT,3475.53,C000792158,389089.49,385613.95999999996,C003486255,171862.33,0.0,0,0
599,PAYMENT,1304.14,C002413512,491910.46,490606.32,C007398848,95650.69,0.0,0,0
139,PAYMENT,649.69,C006271997,91903.97,91254.28,C008351454,350674.67,0.0,0,0
685,CASH_OUT,318.19,C009764961,37635.31,37317.119999999995,C004555127,222779.63,0.0,0,0
216,CASH_OUT,2708.13,C001224178,490193.3,487485.17,C000004828,468574.72,0.0,0,0
135,PAYMENT,14822.12,C005683088,464922.03,450099.91000000003,C001372220,442393.74,0.0,0,0
380,DEBIT,2646.45,C003988631,118127.29,115480.84,C006954978,230938.88,0.0,0,0
306,CASH_IN,772.54,C004275308,469501.56,468729.02,C004046198,326062.88,0.0,0,0
306,CASH_OUT,240.3,C002326978,45964.58,45724.28,C007388108,340646.16,0.0,0,0
700,PAYMENT,2537.11,C005412136,377799.12,375262.01,C004175365,310092.63,0.0,0,0
139,CASH_OUT,6578.56,C005358510,24037.44,17458.879999999997,C007834746,497735.63,0.0,0,0
454,PAYMENT,1009.47,C005362586,180513.17,179503.7,C007109956,273319.89,0.0,0,0
412,CASH_IN,2629.82,C006545717,382764.01,380134.19,C001834423,66109.83,0.0,0,0
172,PAYMENT,1217.8,C006432436,167416.81,166199.01,C002730285,211432.75,0.0,0,0
725,DEBIT,128.75,C002176801,4630.06,4501.31,C001727904,180821.77,0.0,0,0
152,CASH_OUT,9360.37,C002253156,102526.23,93165.86,C008552492,362337.74,0.0,0,0
332,PAYMENT,1017.73,C008579326,465637.23,464619.5,C000280285,243717.6,0.0,0,0
115,PAYMENT,73494.36,C001315562,467608.67,394114.31,C005241895,32387.29,0.0,0,0
30,CASH_IN,6192.02,C005420539,361858.31,355666.29,C007044142,143115.32,0.0,0,0
394,PAYMENT,1988.65,C002231565,416149.63,414160.98,C009092633,423551.53,0.0,0,0
37,CASH_IN,1651.92,C009394797,310159.37,308507.45,C009058022,30237.04,0.0,0,0
479,PAYMENT,1929.25,C008915253,456900.97,454971.72,C001136274,131133.14,0.0,0,0
388,PAYMENT,2584.52,C008508370,161377.05,158792.53,C007404623,97768.04,0.0,0,0
183,PAYMENT,744.12,C007896036,447218.41,446474.29,C006567681,142861.25,0.0,0,0
144,CASH_IN,205.23,C003891479,1314.13,1108.9,C000971635,287757.84,0.0,0,0
421,PAYMENT,690.22,C007190294,404250.53,403560.31000000006,C006525901,445967.99,0.0,0,0
116,CASH_IN,3881.52,C006908358,48869.73,44988.21000000001,C003128056,399185.69,0.0,0,0
244,PAYMENT,655.83,C007846590,340727.95,340072.12,C004805054,94928.44,0.0,0,0
364,PAYMENT,15595.03,C000536302,253627.51,238032.48,C000633834,281818.67,0.0,0,0
266,PAYMENT,4230.9,C008347639,363410.33,359179.43,C009332332,194796.52,0.0,0,0
234,PAYMENT,9692.84,C004127971,215223.77,205530.93,C002890901,253720.22,0.0,0,0
467,CASH_IN,5139.17,C003972755,75701.04,70561.87,C002087811,417094.28,0.0,0,0
574,PAYMENT,9488.57,C007849160,198643.72,189155.15,C005660688,176154.33,0.0,0,0
462,PAYMENT,1245.67,C000057259,250054.95,248809.28,C009379618,3358.71,0.0,0,0
7,TRANSFER,24356.68,C000091675,76727.38,52370.700000000004,C001222405,377629.11,0.0,0,0
539,CASH_IN,318.99,C005866572,293900.46,293581.47000000003,C003402363,210702.38,0.0,0,0
395,PAYMENT,20414.55,C000419996,474896.11,454481.56,C000061120,268583.32,0.0,0,0
658,PAYMENT,3015.64,C006918662,176055.41,173039.77,C003592263,406372.3,0.0,0,0
92,CASH_IN,99.23,C009933437,160918.11,160818.87999999998,C008988398,114313.21,0.0,0,0
580,CASH_IN,380.51,C008024834,119953.29,119572.78,C002169327,182528.62,0.0,0,0
509,CASH_IN,2249.51,C006611002,337365.72,335116.20999999996,C005948852,14804.59,0.0,0,0
659,PAYMENT,45257.45,C000980285,219463.32,174205.87,C005221083,319319.83,0.0,0,0
498,PAYMENT,1027.9,C006244904,312453.36,311425.45999999996,C001401749,16984.64,0.0,0,0
1,PAYMENT,3233.54,C009116956,237850.95,234617.41,C005736972,481877.22,0.0,0,0
481,PAYMENT,394.06,C000094212,495899.33,495505.27,C003888373,286271.07,0.0,0,0
639,CASH_IN,1209.76,C000834726,274591.35,273381.58999999997,C002506687,425495.58,0.0,0,0
606,DEBIT,3340.25,C002444998,46484.49,43144.24,C002630202,256836.66,0.0,0,0
67,PAYMENT,331.18,C000869604,254252.51,253921.33000000002,C001682050,367609.61,0.0,0,0
723,PAYMENT,815.1,C004988298,448556.18,447741.08,C000792074,96307.07,0.0,0,0
723,CASH_OUT,1954.29,C004405420,427404.74,425450.45,C006666409,91536.39,0.0,0,0
711,TRANSFER,491.42,C006246664,254585.99,254094.56999999998,C000044917,20554.17,0.0,0,0
724,CASH_IN,5130.08,C000100197,192569.23,187439.15000000002,C007966141,8915.52,0.0,0,0
506,PAYMENT,167.81,C004708409,7894.87,7727.0599999999995,C008417908,51510.51,0.0,0,0
368,PAYMENT,6256.87,C009111527,429450.35,423193.48,C005599722,374783.87,0.0,0,0
441,CASH_IN,4564.46,C004845730,272402.55,267838.08999999997,C003367528,489353.26,0.0,0,0
308,PAYMENT,3895.19,C001134439,263222.63,259327.44,C002277624,72963.73,0.0,0,0
186,PAYMENT,3267.97,C009766842,38994.83,35726.86,C007536073,479893.86,0.0,0,0
79,TRANSFER,3449.7,C000516299,15491.95,12042.25,C001247861,333013.96,0.0,0,0
562,PAYMENT,7306.31,C008526543,441410.7,434104.39,C008407610,227990.0,0.0,0,0
131,CASH_IN,518.6,C003209766,82028.72,81510.12,C006008474,150782.11,0.0,0,0
388,PAYMENT,1581.14,C008268930,266968.63,265387.49,C002822844,322239.74,0.0,0,0
193,CASH_IN,1010.48,C000081439,331045.21,330034.73000000004,C007066802,376829.51,0.0,0,0
189,CASH_IN,20550.73,C002482747,146778.73,126228.00000000001,C002095987,60958.76,0.0,0,0
288,CASH_OUT,1487.41,C009593002,88012.73,86525.31999999999,C000039859,219998.85,0.0,0,0
467,CASH_OUT,236.85,C006347069,295769.71,295532.86000000004,C002314730,362052.2,0.0,0,0
370,PAYMENT,11001.23,C001589179,414962.5,403961.27,C005138945,275153.48,0.0,0,0
400,DEBIT,12105.44,C005247657,234660.19,222554.75,C006576439,354279.99,0.0,0,0
21,DEBIT,406.1,C009219331,148597.88,148191.78,C008683759,285232.69,0.0,0,0
66,CASH_IN,6266.94,C002973084,147778.18,141511.24,C003013278,47152.44,0.0,0,0
609,CASH_IN,1705.31,C005473870,141400.05,139694.74,C000568959,44609.69,0.0,0,0
226,PAYMENT,632.15,C001315531,3108.44,2476.29,C004719194,460789.26,0.0,0,0
693,CASH_OUT,1646.84,C007254519,386003.58,384356.74,C000798988,42449.18,0.0,0,0
254,CASH_IN,6751.84,C000467383,192800.72,186048.88,C003497605,408957.91,0.0,0,0
267,DEBIT,860.95,C006309135,52178.22,51317.270000000004,C007535091,96518.12,0.0,0,0
26,PAYMENT,147.66,C003730689,82390.71,82243.05,C005190301,457119.58,0.0,0,0
178,TRANSFER,218.89,C005803431,351063.96,350845.07,C003335312,120884.4,0.0,0,0
269,DEBIT,20996.62,C007593929,98660.87,77664.25,C000660038,48836.7,0.0,0,0
498,CASH_OUT,4791.88,C008817679,415823.94,411032.06,C005952498,342249.03,0.0,0,0
286,DEBIT,3118.44,C001770352,338556.62,335438.18,C004206327,148090.04,0.0,0,0
6,CASH_OUT,5448.32,C001561511,290589.41,285141.08999999997,C006599127,389133.6,0.0,0,0
274,CASH_IN,8135.74,C007969515,458947.48,450811.74,C005585470,288511.99,0.0,0,0
441,CASH_OUT,7436.26,C009033609,2299.2,0.0,C002395328,163382.32,0.0,0,0
377,CASH_IN,898.91,C002326027,394813.15,393914.24000000005,C004187264,457259.5,0.0,0,0
75,CASH_IN,4274.74,C005067163,356598.37,352323.63,C002647106,197752.58,0.0,0,0
609,CASH_OUT,1579.44,C004489081,459325.17,457745.73,C006186491,273086.46,0.0,0,0
620,CASH_OUT,3229.62,C001424867,335704.03,332474.41000000003,C005671474,11050.65,0.0,0,0
591,TRANSFER,2037.79,C006723241,38811.59,36773.799999999996,C008853213,11790.23,0.0,0,0
398,CASH_OUT,3645.22,C003208433,114677.24,111032.02,C007857304,147761.59,0.0,0,0
635,CASH_IN,8086.17,C007557395,130701.77,122615.6,C002791265,149508.73,0.0,0,0
121,CASH_OUT,789.95,C006336835,284273.93,283483.98,C008116770,236879.16,0.0,0,0
658,TRANSFER,47795.56,C008740183,129444.33,81648.77,C004514811,79392.58,0.0,0,0
313,PAYMENT,7841.85,C005813098,9398.95,1557.1000000000004,C000817414,375282.24,0.0,0,0
333,CASH_IN,280.76,C006858475,418796.63,418515.87,C005286563,136744.64,0.0,0,0
332,CASH_IN,1484.04,C000368850,268172.86,266688.82,C000144706,170255.69,0.0,0,0
185,DEBIT,13877.19,C005069299,298585.02,284707.83,C007606749,450099.99,0.0,0,0
682,PAYMENT,472.58,C001403059,89739.67,89267.09,C009925470,282371.3,0.0,0,0
687,CASH_OUT,322.51,C002437024,303999.65,303677.14,C000090403,166797.01,0.0,0,0
59,CASH_IN,16496.26,C008015121,441413.36,424917.1,C002872418,102239.64,0.0,0,0
141,CASH_IN,86.68,C005946962,255369.25,255282.57,C005913258,292477.41,0.0,0,0
421,DEBIT,11571.18,C008319803,387125.22,375554.04,C003943616,12701.72,0.0,0,0
607,DEBIT,4973.32,C008130806,239850.62,234877.3,C000458157,71051.07,0.0,0,0
729,CASH_OUT,1780.43,C003805238,457564.9,455784.47000000003,C002104654,65269.45,0.0,0,0
140,CASH_OUT,14261.54,C001206908,318740.26,304478.72000000003,C003390079,405014.83,0.0,0,0
334,TRANSFER,5193.34,C008098953,402492.56,397299.22,C002330764,440835.81,0.0,0,0
475,CASH_OUT,1892.73,C009456554,181155.76,179263.03,C003049261,121344.56,0.0,0,0
618,PAYMENT,1072.48,C001947658,15515.44,14442.960000000001,C003216113,269403.19,0.0,0,0
297,CASH_IN,1500.81,C009412689,386217.06,384716.25,C005780884,95950.56,0.0,0,0
669,CASH_IN,650.86,C004921615,443920.47,443269.61,C006727498,486303.9,0.0,0,0
365,CASH_OUT,1835.42,C006602896,429533.5,427698.08,C004843833,228765.91,0.0,0,0
555,DEBIT,821.63,C001330095,452481.72,451660.08999999997,C007109020,39273.54,0.0,0,0
197,CASH_IN,17891.87,C005941983,11777.88,0.0,C003632955,488114.65,0.0,0,0
535,CASH_OUT,3167.72,C005428116,263241.05,260073.33,C009595946,185009.1,0.0,0,0
339,CASH_IN,27157.4,C004753587,91748.95,64591.549999999996,C005011005,300847.09,0.0,0,0
259,TRANSFER,2266.36,C007666905,128977.97,126711.61,C002192636,444032.62,0.0,0,0
507,CASH_IN,3808.32,C005684521,271373.82,267565.5,C002081203,445033.81,0.0,0,0
392,PAYMENT,6996.78,C004780274,36902.8,29906.020000000004,C009601007,364879.05,0.0,0,0
481,PAYMENT,521.98,C009787913,254898.77,254376.78999999998,C002854156,80255.46,0.0,0,0
325,PAYMENT,289.76,C007221079,16164.07,15874.31,C003820123,109269.67,0.0,0,0
411,TRANSFER,5847.1,C004334662,363334.88,357487.78,C007209445,420508.14,0.0,0,0
400,PAYMENT,2808.53,C005066862,47976.42,45167.89,C007024551,405504.16,0.0,0,0
669,PAYMENT,709.87,C004776702,195435.09,194725.22,C009679820,332938.31,0.0,0,0
145,CASH_IN,3117.54,C002257049,349594.31,346476.77,C001716015,49957.84,0.0,0,0
247,CASH_IN,1136.7,C000596882,50279.95,49143.25,C007672470,397600.62,0.0,0,0
30,PAYMENT,1327.61,C003048039,340741.49,339413.88,C002806511,146195.13,0.0,0,0
112,PAYMENT,10977.98,C006240776,309662.68,298684.7,C000782816,419625.25,0.0,0,0
656,PAYMENT,2831.07,C007774188,313294.4,310463.33,C003265812,254611.42,0.0,0,0
304,PAYMENT,13372.63,C007721806,233353.28,219980.65,C003266767,427799.91,0.0,0,0
329,CASH_OUT,2768.53,C002036782,261811.12,259042.59,C009894316,329606.29,0.0,0,0
734,PAYMENT,810.29,C001840717,362557.26,361746.97000000003,C008546414,317964.25,0.0,0,0
434,TRANSFER,603.16,C006849036,207326.03,206722.87,C009086661,118656.98,0.0,0,0
427,PAYMENT,472.83,C007425628,211001.13,210528.30000000002,C002270546,321131.63,0.0,0,0
457,CASH_OUT,3655.88,C006480104,306918.83,303262.95,C009555463,429159.89,0.0,0,0
245,PAYMENT,11425.94,C003040089,409945.6,398519.66,C004911742,53753.89,0.0,0,0
664,PAYMENT,14017.38,C009159566,180770.78,166753.4,C001682758,438638.99,0.0,0,0
148,CASH_OUT,6368.02,C007034486,123846.02,117478.0,C005955415,383984.82,0.0,0,0
655,CASH_OUT,2918.07,C009803206,245846.38,242928.31,C000569452,309676.87,0.0,0,0
391,CASH_OUT,1128.79,C008932389,112625.84,111497.05,C007622028,248156.88,0.0,0,0
232,CASH_OUT,8312.53,C006173044,72112.6,63800.07000000001,C001298484,472063.15,0.0,0,0
684,DEBIT,118377.46,C007357267,449341.59,330964.13,C007297551,195540.48,0.0,0,0
434,PAYMENT,5024.23,C007039165,220796.75,215772.52,C002927897,489156.6,0.0,0,0
121,DEBIT,4298.12,C001491732,53779.97,49481.85,C004681594,486684.51,0.0,0,0
638,CASH_OUT,2875.23,C009989282,283509.07,280633.84,C002353826,1153.12,0.0,0,0
506,TRANSFER,3428.25,C009151275,179042.83,175614.58,C004097534,181680.5,0.0,0,0
168,PAYMENT,30710.62,C002784112,485490.5,454779.88,C005736147,39212.61,0.0,0,0
440,CASH_IN,506.36,C001397068,325745.44,325239.08,C003933055,475026.35,0.0,0,0
385,CASH_IN,4457.63,C006046710,361698.08,357240.45,C008811687,496630.79,0.0,0,0
286,CASH_OUT,1323.53,C009804950,202030.41,200706.88,C007483221,394353.16,0.0,0,0
438,PAYMENT,2603.22,C008790896,15744.09,13140.87,C001258462,143720.48,0.0,0,0
515,PAYMENT,9417.75,C002946072,387421.58,378003.83,C008086156,399163.09,0.0,0,0
558,PAYMENT,5303.32,C009438548,265104.61,259801.28999999998,C009005931,42913.39,0.0,0,0
571,CASH_IN,23915.27,C008038976,23482.0,0.0,C000813628,449482.87,0.0,0,0
114,PAYMENT,4080.56,C005766775,494864.55,490783.99,C003203670,160716.36,0.0,0,0
74,PAYMENT,1542.54,C003647350,332202.34,330659.80000000005,C003431206,37421.29,0.0,0,0
34,CASH_IN,18366.82,C005841882,327948.76,309581.94,C007371412,172836.18,0.0,0,0
546,PAYMENT,4489.13,C002278245,128229.07,123739.94,C008132362,387437.7,0.0,0,0
428,CASH_OUT,3517.86,C005262790,390353.86,386836.0,C002406974,283724.14,0.0,0,0
643,CASH_IN,2105.72,C004091564,449033.63,446927.91000000003,C002784118,298741.72,0.0,0,0
191,PAYMENT,5626.56,C007761064,367300.06,361673.5,C004386718,266442.83,0.0,0,0
91,TRANSFER,1482.89,C000683201,178612.44,177129.55,C006473863,350052.67,0.0,0,0
456,CASH_OUT,5537.85,C006344732,297414.56,291876.71,C003324956,274759.44,0.0,0,0
663,CASH_OUT,30254.05,C001065510,334112.12,303858.07,C007231795,8174.74,0.0,0,0
451,CASH_OUT,13110.59,C000627370,442741.68,429631.08999999997,C005631229,412327.31,0.0,0,0
502,CASH_IN,3470.26,C001373654,305888.92,302418.66,C006809496,197133.04,0.0,0,0
39,PAYMENT,3098.69,C009539023,337003.21,333904.52,C001592408,152551.4,0.0,0,0
462,PAYMENT,2705.33,C007325985,349024.85,346319.51999999996,C004244432,418836.73,0.0,0,0
52,TRANSFER,3296.06,C000815542,207905.29,204609.23,C000331242,405369.28,0.0,0,0
665,CASH_IN,15646.37,C009930732,428124.6,412478.23,C000762877,300594.59,0.0,0,0
266,CASH_IN,167.33,C006455359,97796.92,97629.59,C002598547,356163.0,0.0,0,0
558,CASH_OUT,649.79,C007412559,302923.29,302273.5,C005339167,334091.64,0.0,0,0
73,CASH_OUT,485.55,C005808074,447785.2,447299.65,C004280356,169375.07,0.0,0,0
30,PAYMENT,427.3,C007123636,13743.79,13316.490000000002,C008056840,409634.47,0.0,0,0
344,PAYMENT,8879.58,C005968990,8589.17,0.0,C001353433,11045.5,0.0,0,0
186,PAYMENT,16628.21,C006021175,386395.62,369767.41,C005768530,395252.68,0.0,0,0
669,CASH_OUT,4431.49,C003119182,375691.11,371259.62,C006553262,422743.16,0.0,0,0
260,CASH_OUT,53.88,C004651526,17765.06,17711.18,C000593907,334538.97,0.0,0,0
609,DEBIT,45902.92,C001217316,79726.89,33823.97,C007435332,320618.69,0.0,0,0
373,CASH_OUT,1515.52,C007346442,192303.51,190787.99000000002,C002938121,229148.44,0.0,0,0
699,PAYMENT,15359.43,C003428814,367352.49,351993.06,C003208749,329196.74,0.0,0,0
613,PAYMENT,3003.6,C008130231,407265.09,404261.49000000005,C001032198,250640.21,0.0,0,0
413,PAYMENT,667.24,C006843334,87781.22,87113.98,C001612055,91116.86,0.0,0,0
304,CASH_IN,39751.87,C004457105,258712.75,218960.88,C009567355,127062.76,0.0,0,0
742,PAYMENT,1994.13,C006131438,416678.02,414683.89,C007219180,288052.7,0.0,0,0
654,CASH_OUT,16529.04,C001289898,275281.16,258752.11999999997,C005801310,296705.42,0.0,0,0
305,CASH_IN,1766.63,C006066243,201005.22,199238.59,C004146221,488686.5,0.0,0,0
508,PAYMENT,2980.94,C007837399,73691.43,70710.48999999999,C000557886,156449.32,0.0,0,0
380,PAYMENT,629.89,C000869390,194529.78,193899.88999999998,C002666352,261832.35,0.0,0,0
547,DEBIT,8805.27,C002886010,396371.62,387566.35,C002295870,120124.37,0.0,0,0
394,PAYMENT,6734.51,C002312932,444592.93,437858.42,C000702232,338260.17,0.0,0,0
393,CASH_OUT,553.66,C009536760,277618.62,277064.96,C004856857,276464.15,0.0,0,0
43,TRANSFER,1501.05,C009578166,434351.29,432850.24,C006388882,294262.21,0.0,0,0
652,CASH_OUT,12706.4,C000157716,107913.62,95207.22,C005022970,38105.52,0.0,0,0
445,CASH_IN,13456.21,C007748208,430419.69,416963.48,C001595060,307255.23,0.0,0,0
301,CASH_OUT,3665.37,C003419067,61026.01,57360.64,C008997226,246081.18,0.0,0,0
186,PAYMENT,14375.51,C009073334,271368.17,256992.65999999997,C000149664,176827.64,0.0,0,0
546,PAYMENT,663.73,C009206650,310448.13,309784.4,C008426477,479565.72,0.0,0,0
278,CASH_OUT,1911.68,C008092605,129897.98,127986.3,C005483095,452836.54,0.0,0,0
587,CASH_IN,7291.7,C006185586,349445.22,342153.51999999996,C003155834,405717.17,0.0,0,0
423,DEBIT,2024.2,C003330520,23864.93,21840.73,C006797247,234772.78,0.0,0,0
239,CASH_OUT,420.26,C000987109,237229.25,236808.99,C000694024,357296.82,0.0,0,0
213,CASH_OUT,4810.5,C001600094,161705.86,156895.36,C008345316,319989.84,0.0,0,0
566,PAYMENT,9510.44,C002557087,258227.59,248717.15,C005432935,22038.91,0.0,0,0
200,CASH_IN,740.42,C003922076,479662.74,478922.32,C002953667,115504.61,0.0,0,0
485,CASH_IN,28856.83,C001832302,276456.98,247600.14999999997,C007534621,424872.07,0.0,0,0
458,DEBIT,1398.07,C008475051,100130.39,98732.31999999999,C009669842,482116.27,0.0,0,0
372,PAYMENT,2910.36,C009483705,496371.52,493461.16000000003,C000496596,251293.27,0.0,0,0
192,CASH_IN,3547.78,C008436205,52946.87,49399.090000000004,C008721815,467022.19,0.0,0,0
649,CASH_IN,1109.93,C005873587,79259.8,78149.87000000001,C001622645,196935.21,0.0,0,0
198,CASH_OUT,14510.77,C003967498,397161.18,382650.41,C004219614,204078.88,0.0,0,0
232,CASH_IN,2747.66,C001357697,125845.77,123098.11,C007406134,317351.92,0.0,0,0
54,CASH_OUT,37342.76,C009990290,329518.8,292176.04,C000552898,293715.34,0.0,0,0
683,CASH_IN,3505.46,C008424902,304420.48,300915.01999999996,C001423179,442941.55,0.0,0,0
463,CASH_OUT,99.72,C004349659,221875.78,221776.06,C008370559,137229.68,0.0,0,0
640,CASH_IN,14345.79,C001245035,397204.36,382858.57,C000300699,84493.49,0.0,0,0
574,CASH_IN,9643.31,C006616313,85369.84,75726.53,C006129197,124621.24,0.0,0,0
508,CASH_IN,2108.01,C008499462,75879.9,73771.89,C007782615,205158.74,0.0,0,0
449,TRANSFER,9472.48,C000049862,223450.26,213977.78,C001968049,104873.86,0.0,0,0
541,PAYMENT,3539.25,C008539913,5333.72,1794.4700000000003,C003596601,239014.62,0.0,0,0
423,PAYMENT,8996.42,C002129403,117952.31,108955.89,C004642279,146082.49,0.0,0,0
119,CASH_IN,852.65,C005242702,178413.46,177560.81,C000276626,378060.9,0.0,0,0
396,DEBIT,4491.9,C006207074,195485.2,190993.30000000002,C006227962,71230.08,0.0,0,0
368,CASH_OUT,519.66,C004466756,382377.03,381857.37000000005,C000859035,439985.81,0.0,0,0
579,CASH_IN,700.05,C001445494,261029.09,260329.04,C004263557,71546.93,0.0,0,0
75,PAYMENT,871.02,C009859754,413815.91,412944.88999999996,C007716424,6100.28,0.0,0,0
544,CASH_OUT,2052.41,C003393616,454359.86,452307.45,C009702938,420201.5,0.0,0,0
255,CASH_IN,4563.09,C005828243,94212.67,89649.58,C006147230,90708.65,0.0,0,0
588,PAYMENT,5565.75,C002722467,131144.22,125578.47,C004991862,64856.22,0.0,0,0
14,PAYMENT,4408.37,C008601529,328043.01,323634.64,C008513335,27893.44,0.0,0,0
11,PAYMENT,506.89,C002999698,316914.4,316407.51,C009388417,25338.17,0.0,0,0
462,CASH_IN,22266.62,C002249035,238667.39,216400.77000000002,C004806860,326366.01,0.0,0,0
224,CASH_IN,768.5,C008704727,491471.72,490703.22,C000671485,189535.14,0.0,0,0
734,CASH_OUT,15482.17,C002401136,212034.51,196552.34,C008619110,489345.58,0.0,0,0
75,CASH_OUT,7078.53,C000892281,40423.61,33345.08,C009356654,22782.71,0.0,0,0
59,CASH_OUT,1098.28,C009580375,321567.06,320468.77999999997,C004815086,45593.77,0.0,0,0
113,CASH_IN,6766.58,C001459924,408114.11,401347.52999999997,C006057645,51761.09,0.0,0,0
207,PAYMENT,1970.71,C008854506,179208.66,177237.95,C002593609,499205.67,0.0,0,0
176,PAYMENT,4265.55,C002575009,192713.65,188448.1,C005602766,11113.61,0.0,0,0
534,CASH_OUT,1743.28,C000255103,220118.12,218374.84,C009275948,94697.96,0.0,0,0
418,CASH_OUT,531.9,C003846964,152766.3,152234.4,C007730011,367711.43,0.0,0,0
158,TRANSFER,5317.52,C004548575,366083.77,360766.25,C003361321,156819.84,0.0,0,0
5,CASH_OUT,12360.64,C002755668,211190.06,198829.41999999998,C008120031,252058.88,0.0,0,0
424,CASH_OUT,296.25,C005370205,86380.03,86083.78,C003937081,369833.78,0.0,0,0
461,PAYMENT,1726.54,C007979893,65286.86,63560.32,C007214763,9815.84,0.0,0,0
514,DEBIT,2426.12,C002798404,62219.77,59793.649999999994,C009382090,314145.07,0.0,0,0
137,DEBIT,336.21,C002736596,64383.42,64047.21,C004573307,381129.78,0.0,0,0
442,DEBIT,2882.8,C000420780,385880.59,382997.79000000004,C004485804,197376.26,0.0,0,0
301,CASH_IN,674.4,C000042817,644.39,0.0,C002341537,67842.53,0.0,0,0
362,DEBIT,5135.73,C002364381,427319.12,422183.39,C008818132,421974.1,0.0,0,0
439,CASH_IN,5873.48,C007183356,281695.2,275821.72000000003,C007843400,401298.04,0.0,0,0
196,CASH_IN,1839.35,C004228584,490934.57,489095.22000000003,C007108222,124138.47,0.0,0,0
728,PAYMENT,9128.35,C001479737,2956.3,0.0,C008894163,137263.53,0.0,0,0
25,PAYMENT,1121.76,C006775029,411944.57,410822.81,C007359275,473690.87,0.0,0,0
49,PAYMENT,3071.78,C002046213,242857.94,239786.16,C005242029,341959.34,0.0,0,0
503,CASH_OUT,12364.45,C004738891,437533.11,425168.66,C001004773,470880.75,0.0,0,0
543,CASH_IN,12797.58,C009028946,348500.54,335702.95999999996,C001628907,316843.46,0.0,0,0
669,PAYMENT,5543.16,C007543019,230438.55,224895.38999999998,C008286097,264587.63,0.0,0,0
629,CASH_OUT,422.85,C004690498,203483.79,203060.94,C001597854,189279.72,0.0,0,0
491,PAYMENT,1036.2,C006051244,490526.23,489490.02999999997,C009184437,461561.7,0.0,0,0
583,PAYMENT,1714.81,C007081009,55019.44,53304.630000000005,C002205465,387846.22,0.0,0,0
381,CASH_IN,5852.16,C001089430,250011.36,244159.19999999998,C000739368,179229.79,0.0,0,0
149,CASH_IN,2571.01,C008094789,326636.18,324065.17,C006923872,397312.5,0.0,0,0
83,PAYMENT,2476.87,C009045753,499931.31,497454.44,C002428321,301100.44,0.0,0,0
685,PAYMENT,133.68,C009772344,49546.52,49412.84,C003898922,392559.2,0.0,0,0
220,TRANSFER,3771.14,C001445645,177679.39,173908.25,C008530426,327489.47,0.0,0,0
739,CASH_OUT,662.97,C001077226,219595.68,218932.71,C006838722,116427.47,0.0,0,0
301,PAYMENT,3308.01,C007413786,341785.88,338477.87,C008342709,405732.69,0.0,0,0
257,PAYMENT,7000.64,C000870018,479945.52,472944.88,C007872149,105194.32,0.0,0,0
596,PAYMENT,8588.4,C005181533,269662.33,261073.93000000002,C006284999,306434.22,0.0,0,0
339,CASH_OUT,2598.3,C003217503,30895.04,28296.74,C003151476,330424.06,0.0,0,0
295,DEBIT,5095.65,C007852510,253969.97,248874.32,C005381121,55183.07,0.0,0,0
721,CASH_OUT,2301.26,C000053972,364482.41,362181.14999999997,C005831923,382426.1,0.0,0,0
389,CASH_OUT,2563.17,C007762896,464992.01,462428.84,C007929879,206785.05,0.0,0,0
647,CASH_IN,6708.16,C006590839,289636.26,282928.10000000003,C003815147,383899.89,0.0,0,0
51,PAYMENT,996.58,C009267241,17505.71,16509.129999999997,C007982610,442791.86,0.0,0,0
3,CASH_OUT,1012.86,C006607879,370424.26,369411.4,C000408665,360534.54,0.0,0,0
198,PAYMENT,57007.74,C003664358,247393.46,190385.72,C000250488,441913.97,0.0,0,0
246,PAYMENT,7622.27,C006877336,256827.59,249205.32,C000528743,391876.14,0.0,0,0
130,DEBIT,14204.07,C000357355,359366.54,345162.47,C002714760,171598.13,0.0,0,0
2,CASH_OUT,857.97,C007869330,331383.87,330525.9,C004859689,374280.21,0.0,0,0
91,DEBIT,1953.9,C000645476,330613.45,328659.55,C008142448,288702.61,0.0,0,0
256,PAYMENT,1248.9,C001464401,161210.42,159961.52000000002,C003933890,486560.96,0.0,0,0
161,CASH_OUT,58190.53,C000521295,22444.93,0.0,C005860236,363317.59,0.0,0,0
471,CASH_IN,7879.35,C001554949,307504.0,299624.65,C002743756,314407.51,0.0,0,0
528,CASH_IN,33102.35,C003446392,381266.94,348164.59,C004261023,415960.84,0.0,0,0
62,PAYMENT,2316.35,C001093170,144611.44,142295.09,C002789919,111471.77,0.0,0,0
344,CASH_OUT,2877.03,C001508320,437513.5,434636.47,C000598394,11855.2,0.0,0,0
509,CASH_IN,530.6,C001483638,43794.43,43263.83,C006529728,168030.19,0.0,0,0
4,PAYMENT,41481.6,C006944351,102964.66,61483.060000000005,C004044176,183712.42,0.0,0,0
372,CASH_OUT,23414.82,C003259197,341196.61,317781.79,C009017859,215037.32,0.0,0,0
31,CASH_OUT,37325.19,C008811826,408865.49,371540.3,C005948936,359455.48,0.0,0,0
562,PAYMENT,12795.03,C001246237,414370.27,401575.24,C005875222,213172.02,0.0,0,0
557,PAYMENT,1105.97,C002031874,155393.18,154287.21,C008658719,270856.88,0.0,0,0
204,CASH_IN,12848.71,C009928924,485970.88,473122.17,C001612646,482731.89,0.0,0,0
109,PAYMENT,7168.37,C008537070,397179.49,390011.12,C005077633,186084.13,0.0,0,0
295,DEBIT,2638.32,C008860164,24067.9,21429.58,C009050710,231826.19,0.0,0,0
424,PAYMENT,4144.79,C005390466,296051.36,291906.57,C009344577,55840.47,0.0,0,0
89,TRANSFER,441.53,C003563154,231700.78,231259.25,C007385925,106320.3,0.0,0,0
29,PAYMENT,380.73,C008019209,378930.33,378549.60000000003,C005988240,35334.05,0.0,0,0
339,DEBIT,1719.29,C003066153,461120.4,459401.11000000004,C008259068,202193.68,0.0,0,0
373,PAYMENT,1057.21,C001064014,58736.21,57679.0,C001462887,138625.58,0.0,0,0
724,CASH_IN,4913.13,C004785370,76253.5,71340.37,C007273503,381903.67,0.0,0,0
505,PAYMENT,17829.73,C007053972,266922.87,249093.13999999998,C003773368,459611.06,0.0,0,0
689,PAYMENT,2303.5,C000510743,250205.18,247901.68,C009620965,205435.96,0.0,0,0
554,CASH_IN,2071.45,C004361393,273094.0,271022.55,C005634583,144439.59,0.0,0,0
406,PAYMENT,1859.09,C000470995,261260.49,259401.4,C004288003,303330.0,0.0,0,0
178,CASH_OUT,18424.82,C004542000,4629.56,0.0,C009736631,456872.99,0.0,0,0
643,CASH_IN,24212.04,C006590029,58157.87,33945.83,C004993952,143576.63,0.0,0,0
252,TRANSFER,7660.51,C000466786,416607.6,408947.08999999997,C007632438,93411.03,0.0,0,0
34,PAYMENT,93117.5,C004386629,160357.24,67239.73999999999,C005098370,383518.81,0.0,0,0
593,CASH_IN,38997.91,C005801400,197108.07,158110.16,C001852840,429930.73,0.0,0,0
195,CASH_OUT,13132.49,C004285435,340418.87,327286.38,C004275852,258166.28,0.0,0,0
156,CASH_OUT,1121.47,C002084133,71680.6,70559.13,C003039243,351897.31,0.0,0,0
249,CASH_IN,370.75,C004514176,230219.95,229849.2,C008282953,131945.21,0.0,0,0
210,CASH_IN,6153.58,C000509298,105327.3,99173.72,C006796114,336182.36,0.0,0,0
463,PAYMENT,2468.4,C005692759,41942.16,39473.76,C007341159,310446.42,0.0,0,0
217,PAYMENT,663.74,C008962530,139859.83,139196.09,C002359580,416045.54,0.0,0,0
703,PAYMENT,6230.86,C001937453,29678.04,23447.18,C008968879,345765.92,0.0,0,0
302,CASH_OUT,2096.62,C004941814,493135.0,491038.38,C003656672,476405.33,0.0,0,0
635,CASH_OUT,66706.43,C007357653,95287.87,28581.440000000002,C007936289,369596.88,0.0,0,0
522,PAYMENT,508.15,C002339729,390373.62,389865.47,C004558790,428487.0,0.0,0,0
222,PAYMENT,1467.12,C006550677,69745.42,68278.3,C007771632,107769.19,0.0,0,0
106,CASH_IN,172.18,C002737381,29566.73,29394.55,C005660373,133738.75,0.0,0,0
549,CASH_OUT,2048.57,C009568038,329898.75,327850.18,C009098186,434922.31,0.0,0,0
565,PAYMENT,1127.53,C007526819,398394.78,397267.25,C004250069,14103.37,0.0,0,0
372,PAYMENT,118.54,C004168247,45584.72,45466.18,C000988665,225812.41,0.0,0,0
535,CASH_IN,755.28,C003804815,305146.18,304390.89999999997,C005086907,357030.76,0.0,0,0
188,PAYMENT,381.25,C008018808,476306.27,475925.02,C008485828,397163.98,0.0,0,0
738,PAYMENT,14063.19,C002599715,173557.87,159494.68,C008804422,87505.44,0.0,0,0
523,PAYMENT,4689.73,C002163478,327769.41,323079.68,C003179937,472852.0,0.0,0,0
204,CASH_IN,915.55,C004815165,54544.18,53628.63,C003239192,362425.18,0.0,0,0
514,CASH_OUT,80189.58,C004747681,29929.35,0.0,C007774287,110132.04,0.0,0,0
630,TRANSFER,1908.86,C002142818,471330.28,469421.42000000004,C004180608,271438.52,0.0,0,0
109,CASH_IN,11626.21,C003716681,370343.22,358717.00999999995,C009588861,495327.53,0.0,0,0
547,PAYMENT,2257.61,C002986377,71646.6,69388.99,C003572284,147255.14,0.0,0,0
321,CASH_OUT,13863.5,C007578617,325937.74,312074.24,C009252647,80318.39,0.0,0,0
42,PAYMENT,8667.27,C004103297,353392.45,344725.18,C003156400,170955.55,0.0,0,0
239,CASH_IN,18621.43,C002034584,194060.53,175439.1,C002221196,152665.83,0.0,0,0
197,CASH_OUT,9230.19,C005891281,257592.11,248361.91999999998,C007233583,77455.66,0.0,0,0
166,CASH_IN,5202.52,C008270432,85645.76,80443.23999999999,C006970210,47713.3,0.0,0,0
712,CASH_IN,444.13,C006337347,372674.95,372230.82,C003446150,169378.45,0.0,0,0
55,CASH_OUT,14159.97,C000873740,312113.1,297953.13,C000887134,262266.93,0.0,0,0
181,PAYMENT,8963.28,C008114013,331530.94,322567.66,C005989859,69326.6,0.0,0,0
306,PAYMENT,5569.88,C000474565,288347.46,282777.58,C003848421,117557.36,0.0,0,0
415,PAYMENT,15575.27,C002172078,315024.26,299448.99,C002139444,361668.28,0.0,0,0
541,CASH_OUT,1083.37,C005061154,451827.78,450744.41000000003,C003394497,329791.43,0.0,0,0
536,CASH_OUT,25038.79,C006670226,469046.5,444007.71,C006145808,185656.74,0.0,0,0
219,DEBIT,7608.17,C002428320,397243.99,389635.82,C002375994,467305.87,0.0,0,0
321,CASH_OUT,8446.04,C004102850,487237.65,478791.61000000004,C009702428,493195.81,0.0,0,0
689,CASH_OUT,28547.83,C000158485,156068.05,127520.21999999999,C003872522,30220.3,0.0,0,0
4,PAYMENT,313.15,C003380634,203219.35,202906.2,C002912120,403116.78,0.0,0,0
416,DEBIT,976.89,C004454305,175665.24,174688.34999999998,C007939717,236461.49,0.0,0,0
148,PAYMENT,1184.71,C003146804,355682.49,354497.77999999997,C003327407,58125.03,0.0,0,0
665,PAYMENT,4897.56,C005311285,85151.71,80254.15000000001,C008649690,254846.5,0.0,0,0
678,CASH_OUT,1375.52,C009171031,359503.94,358128.42,C002986404,236741.14,0.0,0,0
726,PAYMENT,4092.85,C008646795,66529.78,62436.93,C007045519,70295.9,0.0,0,0
123,CASH_OUT,2422.44,C000225374,353870.48,351448.04,C003601398,185226.55,0.0,0,0
161,PAYMENT,1019.17,C002123814,189490.07,188470.9,C006962760,339497.96,0.0,0,0
376,DEBIT,3038.76,C004226809,89609.82,86571.06000000001,C000669383,389746.8,0.0,0,0
130,PAYMENT,3637.22,C005190669,369194.89,365557.67000000004,C003353222,272436.6,0.0,0,0
584,DEBIT,11655.6,C000128666,8081.49,0.0,C006339840,163050.19,0.0,0,0
567,PAYMENT,16681.07,C004541996,294992.01,278310.94,C002349858,427240.84,0.0,0,0
655,CASH_OUT,1805.24,C001423536,95227.3,93422.06,C002214464,4682.67,0.0,0,0
711,DEBIT,4006.24,C005394376,300617.64,296611.4,C006127311,272405.21,0.0,0,0
733,CASH_IN,2394.39,C002925536,434321.53,431927.14,C000285330,433038.11,0.0,0,0
738,TRANSFER,37493.3,C000855041,77506.97,40013.67,C002892773,60928.73,0.0,0,0
41,CASH_IN,962.92,C000328580,490421.26,489458.34,C007952974,327598.57,0.0,0,0
719,CASH_IN,311.6,C005180814,438600.28,438288.68000000005,C006809755,61117.79,0.0,0,0
398,PAYMENT,971.53,C006481027,275600.78,274629.25,C002726764,489641.0,0.0,0,0
410,CASH_OUT,1286.23,C003723641,245026.66,243740.43,C002527712,112062.7,0.0,0,0
270,PAYMENT,11503.06,C002905477,419170.53,407667.47000000003,C007044421,64123.17,0.0,0,0
603,PAYMENT,18129.77,C004659769,467963.84,449834.07,C003712380,347823.79,0.0,0,0
452,CASH_IN,17725.5,C007375374,460924.27,443198.77,C005439018,412454.88,0.0,0,0
55,PAYMENT,12138.93,C006871862,116267.96,104129.03,C007003347,365795.42,0.0,0,0
684,CASH_IN,479.87,C001887650,271740.77,271260.9,C005205578,473546.07,0.0,0,0
355,DEBIT,511.88,C001710555,45552.46,45040.58,C005322927,208555.12,0.0,0,0
146,PAYMENT,12092.77,C008322053,139349.33,127256.55999999998,C007766076,403183.25,0.0,0,0
553,CASH_IN,4589.36,C000141830,486790.31,482200.95,C002712542,366095.33,0.0,0,0
277,PAYMENT,133.24,C001220951,467473.42,467340.18,C001981239,136454.68,0.0,0,0
679,CASH_OUT,897.07,C003048966,381159.31,380262.24,C008092132,434297.43,0.0,0,0
318,TRANSFER,1852.03,C006781574,118298.35,116446.32,C003322578,338990.49,0.0,0,0
420,CASH_IN,5406.7,C007712482,447826.21,442419.51,C005734351,372573.34,0.0,0,0
339,CASH_OUT,13617.2,C001382179,312414.46,298797.26,C000334451,174724.95,0.0,0,0
107,PAYMENT,506.31,C008523701,112209.98,111703.67,C002211749,183501.06,0.0,0,0
425,PAYMENT,825.02,C009903877,164564.59,163739.57,C001066956,287763.51,0.0,0,0
636,CASH_IN,5697.27,C007292302,149777.91,144080.64,C000114792,88793.08,0.0,0,0
436,CASH_OUT,24836.69,C001674099,167885.64,143048.95,C002648741,424801.77,0.0,0,0
666,PAYMENT,182.32,C001139754,159269.55,159087.22999999998,C003676799,175107.64,0.0,0,0
628,TRANSFER,1124.13,C003497025,389166.93,388042.8,C005880046,156720.82,0.0,0,0
205,CASH_OUT,430.18,C008885101,41305.78,40875.6,C004619377,21955.62,0.0,0,0
3,CASH_IN,566.02,C008102387,270126.25,269560.23,C000818058,141374.73,0.0,0,0
194,CASH_OUT,1009.94,C001269981,498060.16,497050.22,C003864130,326497.46,0.0,0,0
477,CASH_OUT,17385.82,C008913599,89278.88,71893.06,C005882810,13937.27,0.0,0,0
433,PAYMENT,1260.27,C005469365,383033.59,381773.32,C005551728,380175.02,0.0,0,0
723,CASH_OUT,551.73,C000547450,142692.08,142140.34999999998,C006744543,84333.92,0.0,0,0
82,CASH_IN,14445.22,C009332596,341118.12,326672.9,C009995845,289849.56,0.0,0,0
261,CASH_OUT,142.28,C008218463,328398.83,328256.55,C005569819,401199.71,0.0,0,0
126,PAYMENT,12423.1,C004344147,248063.8,235640.69999999998,C007170046,213743.6,0.0,0,0
173,CASH_OUT,4471.68,C006763882,393453.53,388981.85000000003,C008268608,357989.44,0.0,0,0
553,CASH_IN,156.21,C000623327,333855.85,333699.63999999996,C001643800,287877.6,0.0,0,0
707,PAYMENT,317.57,C006574680,319727.01,319409.44,C009920438,448369.84,0.0,0,0
349,CASH_IN,1075.44,C008551955,252439.04,251363.6,C003609013,395703.89,0.0,0,0
426,PAYMENT,4262.39,C005051276,221143.26,216880.87,C008993279,400642.37,0.0,0,0
145,TRANSFER,2367.2,C000820665,166243.92,163876.72,C003373227,324044.14,0.0,0,0
188,CASH_OUT,6607.22,C001095351,380047.34,373440.12000000005,C006256195,171576.15,0.0,0,0
559,PAYMENT,3996.77,C009884819,67074.8,63078.030000000006,C009167580,419533.69,0.0,0,0
508,CASH_IN,1341.27,C004954334,153139.85,151798.58000000002,C001136978,318731.59,0.0,0,0
314,CASH_OUT,864.82,C007661708,293075.3,292210.48,C003455716,158563.56,0.0,0,0
303,CASH_IN,971.07,C003757869,485587.12,484616.05,C006784977,438951.21,0.0,0,0
584,PAYMENT,72953.61,C006657904,403704.17,330750.56,C006288915,313375.19,0.0,0,0
465,PAYMENT,4077.41,C004033013,122314.76,118237.34999999999,C009967412,76541.72,0.0,0,0
264,CASH_OUT,6095.33,C002500118,300628.76,294533.43,C009184153,448794.24,0.0,0,0
309,PAYMENT,3449.39,C002434287,136523.15,133073.75999999998,C001141512,367672.22,0.0,0,0
531,CASH_OUT,7586.63,C000762122,483358.54,475771.91,C002396008,87899.73,0.0,0,0
38,DEBIT,175.17,C006160237,44317.31,44142.14,C000251969,321256.74,0.0,0,0
224,CASH_IN,2070.97,C001617450,119724.88,117653.91,C008288413,219634.48,0.0,0,0
201,CASH_IN,422.43,C003436004,428686.39,428263.96,C001714182,145279.66,0.0,0,0
628,CASH_OUT,1901.31,C002498544,400234.66,398333.35,C000106494,124570.08,0.0,0,0
143,CASH_IN,136.44,C003522208,322364.2,322227.76,C004296328,193553.52,0.0,0,0
49,CASH_OUT,352.81,C006447699,233673.97,233321.16,C008234024,63638.83,0.0,0,0
649,CASH_OUT,41578.98,C008113746,84903.69,43324.71,C003376747,3475.36,0.0,0,0
9,PAYMENT,3787.47,C003346406,341490.53,337703.06000000006,C006706805,168881.29,0.0,0,0
135,PAYMENT,1812.11,C003098934,3188.54,1376.43,C006179996,212267.96,0.0,0,0
333,PAYMENT,754.09,C001232657,62634.75,61880.66,C009488605,339390.4,0.0,0,0
396,CASH_OUT,728.71,C009236512,100451.51,99722.79999999999,C000779099,494343.44,0.0,0,0
479,TRANSFER,1390.11,C003161184,79330.11,77940.0,C005040693,469038.32,0.0,0,0
590,PAYMENT,2489.06,C005423759,184407.8,181918.74,C008054631,130663.52,0.0,0,0
50,PAYMENT,2322.11,C005058058,465299.91,462977.8,C009239365,111827.88,0.0,0,0
421,PAYMENT,427.85,C008073473,464699.06,464271.21,C009332210,381843.41,0.0,0,0
437,TRANSFER,2427.39,C006224404,197958.69,195531.3,C007235537,243045.7,0.0,0,0
596,PAYMENT,10477.26,C000455001,126672.31,116195.05,C007392084,195993.62,0.0,0,0
400,CASH_IN,8297.98,C001375742,426011.52,417713.54000000004,C008985527,96827.71,0.0,0,0
548,TRANSFER,4483.09,C002634452,20926.73,16443.64,C005684176,122456.76,0.0,0,0
431,DEBIT,1608.72,C009004860,230982.64,229373.92,C007494192,373769.77,0.0,0,0
244,CASH_IN,10278.08,C004885872,214067.87,203789.79,C005698625,128089.26,0.0,0,0
695,CASH_IN,901.35,C001690078,347849.08,346947.73000000004,C008595645,417049.31,0.0,0,0
669,CASH_IN,2812.72,C008210345,264112.58,261299.86000000002,C007843077,229176.08,0.0,0,0
445,PAYMENT,12645.2,C004388209,146456.62,133811.41999999998,C002717504,188019.86,0.0,0,0
505,CASH_IN,114.18,C004963548,124631.36,124517.18000000001,C008871293,186388.22,0.0,0,0
259,CASH_IN,11023.04,C009261641,238603.8,227580.75999999998,C004090004,376444.86,0.0,0,0
376,PAYMENT,9079.32,C004442001,254137.61,245058.28999999998,C004040181,497745.26,0.0,0,0
254,CASH_IN,14991.44,C004121054,311427.93,296436.49,C006571724,336582.86,0.0,0,0
293,CASH_IN,164.55,C003150520,18043.31,17878.760000000002,C008723642,390053.47,0.0,0,0
147,PAYMENT,776.3,C009400951,62718.19,61941.89,C005026568,379035.59,0.0,0,0
396,PAYMENT,5819.28,C003648150,5369.18,0.0,C000894983,75260.36,0.0,0,0
366,CASH_IN,11268.94,C002352469,228331.35,217062.41,C003641079,358972.24,0.0,0,0
139,DEBIT,17791.8,C008085171,191451.65,173659.85,C001286044,74522.73,0.0,0,0
236,PAYMENT,2876.98,C002062906,344781.28,341904.30000000005,C009423083,287870.26,0.0,0,0
570,CASH_OUT,1731.67,C002841862,70813.21,69081.54000000001,C005127632,258621.04,0.0,0,0
563,PAYMENT,2790.89,C006409492,292316.72,289525.82999999996,C004161543,193687.15,0.0,0,0
216,CASH_OUT,6758.51,C009915296,266616.25,259857.74,C000458413,93123.59,0.0,0,0
278,CASH_IN,11291.69,C003658249,413732.09,402440.4,C005662851,133028.99,0.0,0,0
125,CASH_IN,3566.62,C007857111,295361.6,291794.98,C001467686,84616.92,0.0,0,0
644,PAYMENT,2445.44,C004465233,470357.46,467912.02,C009109351,438490.25,0.0,0,0
136,PAYMENT,1897.76,C002598233,492011.28,490113.52,C002787994,296233.92,0.0,0,0
189,PAYMENT,758.1,C001207159,324746.31,323988.21,C009408096,147842.23,0.0,0,0
345,PAYMENT,3861.86,C007978804,229209.21,225347.35,C000054552,9400.91,0.0,0,0
182,TRANSFER,2725.59,C002518083,67898.14,65172.55,C006998121,32372.27,0.0,0,0
396,CASH_IN,7142.2,C002815377,448832.04,441689.83999999997,C004651141,178026.83,0.0,0,0
598,CASH_OUT,826.15,C001162504,148590.68,147764.53,C008807401,53101.47,0.0,0,0
249,PAYMENT,6802.48,C008987557,390996.85,384194.37,C002990489,481438.38,0.0,0,0
560,TRANSFER,6406.11,C003122396,290174.26,283768.15,C004676225,201689.7,0.0,0,0
217,DEBIT,3503.52,C001098503,74087.81,70584.29,C006379875,386831.24,0.0,0,0
323,CASH_OUT,17903.16,C009966752,367409.39,349506.23000000004,C008612364,115490.92,0.0,0,0
524,CASH_OUT,1619.51,C000063495,15061.05,13441.539999999999,C002851206,49262.7,0.0,0,0
382,DEBIT,18119.98,C003318935,155784.29,137664.31,C007975938,18140.78,0.0,0,0
104,CASH_OUT,6978.69,C006084620,363150.26,356171.57,C009447885,436329.82,0.0,0,0
682,PAYMENT,9883.29,C005461040,336909.39,327026.10000000003,C005632316,366638.68,0.0,0,0
188,DEBIT,8729.8,C002967536,343206.95,334477.15,C007947739,309604.72,0.0,0,0
84,PAYMENT,8239.35,C002582036,283187.44,274948.09,C005235329,195814.58,0.0,0,0
331,CASH_OUT,8370.72,C000349648,151235.14,142864.42,C004214444,60719.81,0.0,0,0
647,PAYMENT,878.52,C009979878,267254.98,266376.45999999996,C003529073,327487.21,0.0,0,0
626,PAYMENT,1376.45,C005544467,340003.58,338627.13,C001190338,363854.68,0.0,0,0
19,CASH_OUT,976.7,C006927146,294818.57,293841.87,C007371059,578.77,0.0,0,0
114,CASH_IN,11965.71,C004569645,201233.35,189267.64,C009785754,413060.75,0.0,0,0
37,DEBIT,307.62,C009105061,260707.61,260399.99,C002633763,5672.99,0.0,0,0
283,CASH_OUT,998.59,C007652315,2532.51,1533.92,C003809911,211229.95,0.0,0,0
469,CASH_IN,248.43,C001518217,369352.98,369104.55,C008285385,273717.24,0.0,0,0
6,TRANSFER,5355.5,C002514832,189867.37,184511.87,C004590272,65.73,0.0,0,0
340,CASH_OUT,123745.68,C003516976,464414.84,340669.16000000003,C002584859,292610.94,0.0,0,0
601,CASH_OUT,189.09,C005629985,49602.19,49413.100000000006,C005610699,477.39,0.0,0,0
452,CASH_OUT,776.64,C005375265,442471.79,441695.14999999997,C003119984,64730.22,0.0,0,0
725,PAYMENT,12743.92,C005864391,375668.09,362924.17000000004,C009564065,4697.14,0.0,0,0
628,PAYMENT,29934.11,C001298839,348361.23,318427.12,C009835329,53999.32,0.0,0,0
426,PAYMENT,1295.55,C002128115,399875.16,398579.61,C004695983,30026.35,0.0,0,0
684,CASH_OUT,19747.88,C007980794,75787.0,56039.119999999995,C004236392,3126.58,0.0,0,0
157,DEBIT,4504.8,C002659478,185324.63,180819.83000000002,C007961806,138370.77,0.0,0,0
630,CASH_IN,5465.46,C000080489,325291.21,319825.75,C009837228,80381.67,0.0,0,0
100,CASH_OUT,11641.08,C000601110,339124.22,327483.13999999996,C007358695,257478.7,0.0,0,0
410,CASH_IN,2946.13,C004236955,70161.51,67215.37999999999,C008821819,61339.06,0.0,0,0
669,CASH_IN,990.1,C003144520,305751.38,304761.28,C002910504,175681.55,0.0,0,0
467,PAYMENT,504.35,C003944046,19415.91,18911.56,C004256613,374828.31,0.0,0,0
552,PAYMENT,3496.3,C003299779,404644.33,401148.03,C003722102,153642.78,0.0,0,0
378,PAYMENT,855.71,C001271877,138160.28,137304.57,C004218734,298270.86,0.0,0,0
207,CASH_OUT,4602.84,C002356019,65129.45,60526.61,C003130198,97292.46,0.0,0,0
539,PAYMENT,2595.63,C005976667,160493.51,157897.88,C003350948,321529.22,0.0,0,0
718,PAYMENT,910.2,C005392030,256353.42,255443.22,C007044816,263535.37,0.0,0,0
131,TRANSFER,11628.38,C006369857,407474.27,395845.89,C006370633,63667.13,0.0,0,0
664,PAYMENT,15753.2,C003414842,387504.3,371751.1,C004041416,455268.29,0.0,0,0
678,CASH_OUT,2568.89,C000780451,123312.71,120743.82,C009750693,327349.92,0.0,0,0
238,CASH_OUT,996.83,C009441753,499084.22,498087.38999999996,C006910296,79798.59,0.0,0,0
20,CASH_OUT,684.58,C000209863,414169.68,413485.1,C003866756,371468.17,0.0,0,0
177,CASH_OUT,842.65,C007357182,253772.9,252930.25,C000721312,32975.06,0.0,0,0
93,TRANSFER,11983.33,C009105118,208212.78,196229.45,C000897992,244508.03,0.0,0,0
310,TRANSFER,17604.37,C004387995,224813.94,207209.57,C008455692,436429.71,0.0,0,0
680,CASH_IN,1185.32,C000946152,405432.24,404246.92,C009939022,411584.98,0.0,0,0
609,CASH_IN,4584.74,C007667427,89039.5,84454.76,C002110382,236420.17,0.0,0,0
377,CASH_IN,855.2,C000825577,149583.54,148728.34,C006690566,415355.95,0.0,0,0
19,CASH_OUT,3500.86,C006965324,198462.84,194961.98,C001749912,23474.08,0.0,0,0
665,CASH_IN,4622.84,C009412508,438448.53,433825.69,C000556780,365407.56,0.0,0,0
278,TRANSFER,51591.51,C004735106,184060.22,132468.71,C005590276,263795.3,315386.81,1,0
321,CASH_OUT,168.12,C000792732,275487.31,275319.19,C005415120,7501.68,0.0,0,0
291,CASH_IN,5374.85,C004688951,367382.22,362007.37,C002423029,213421.46,0.0,0,0
293,CASH_OUT,3421.38,C006993633,7443.85,4022.4700000000003,C000533214,235122.93,0.0,0,0
170,PAYMENT,49624.78,C000491753,293438.4,243813.62000000002,C003828718,302076.0,0.0,0,0
545,PAYMENT,1362.0,C006457042,143194.82,141832.82,C002220042,386955.77,0.0,0,0
255,CASH_OUT,3591.18,C004581966,156054.15,152462.97,C000708065,354661.63,0.0,0,0
234,CASH_IN,61.96,C000940117,256412.37,256350.41,C003892970,433291.69,0.0,0,0
658,PAYMENT,519.41,C006432351,22244.5,21725.09,C000461674,236764.68,0.0,0,0
224,CASH_OUT,13128.52,C005999013,375126.51,361997.99,C005498357,286597.4,0.0,0,0
451,CASH_IN,747.48,C001014371,225200.92,224453.44,C006512961,418710.73,0.0,0,0
101,PAYMENT,16940.38,C008160154,285280.0,268339.62,C006779881,133739.91,0.0,0,0
58,PAYMENT,15367.25,C001369703,339027.47,323660.22,C005770108,269763.79,0.0,0,0
115,CASH_OUT,2451.25,C000898861,232799.11,230347.86,C003063394,455718.28,0.0,0,0
506,CASH_IN,14007.48,C003774722,428307.89,414300.41000000003,C007952365,55811.08,0.0,0,0
202,CASH_IN,4592.54,C009130455,184730.79,180138.25,C005465042,288213.71,0.0,0,0
525,CASH_OUT,1416.05,C009086101,361847.58,360431.53,C007488989,223502.9,0.0,0,0
25,CASH_OUT,209.66,C000827714,129215.78,129006.12,C004855905,30921.07,0.0,0,0
382,DEBIT,5500.69,C003538542,224288.18,218787.49,C009755890,467278.33,0.0,0,0
184,PAYMENT,1708.01,C002597450,214362.2,212654.19,C002330428,329155.29,0.0,0,0
260,CASH_OUT,5066.38,C005899758,275500.55,270434.17,C006303066,43461.76,0.0,0,0
311,DEBIT,2987.51,C006227348,450089.43,447101.92,C005923173,143044.76,0.0,0,0
573,CASH_OUT,19550.18,C003681376,41563.61,22013.43,C000791400,105663.79,0.0,0,0
58,PAYMENT,1141.4,C007526201,481719.41,480578.00999999995,C006926806,468209.59,0.0,0,0
637,PAYMENT,303.11,C002517232,12244.47,11941.359999999999,C000682492,33893.01,0.0,0,0
675,PAYMENT,5328.19,C004196118,15577.84,10249.650000000001,C003131613,238230.68,0.0,0,0
40,PAYMENT,1180.52,C000883043,412816.47,411635.94999999995,C007039844,128857.35,0.0,0,0
743,PAYMENT,491.61,C003793193,359681.58,359189.97000000003,C003983902,424506.4,0.0,0,0
140,PAYMENT,8116.35,C002006637,329665.75,321549.4,C002385923,406504.36,0.0,0,0
199,PAYMENT,3862.1,C003547705,279034.31,275172.21,C008436030,127041.34,0.0,0,0
157,DEBIT,2981.42,C007922104,306811.92,303830.5,C002129784,77196.56,0.0,0,0
259,CASH_IN,1131.85,C002969947,231756.38,230624.53,C003830901,291783.09,0.0,0,0
617,PAYMENT,17906.1,C006948781,225146.16,207240.06,C001657503,83592.66,0.0,0,0
64,PAYMENT,23174.01,C001642709,156629.26,133455.25,C008355949,310138.11,0.0,0,0
568,DEBIT,1501.85,C004038733,51974.31,50472.46,C002943505,284884.52,0.0,0,0
561,TRANSFER,1881.81,C006895533,421333.96,419452.15,C007399726,32922.25,0.0,0,0
266,CASH_OUT,1554.26,C007349067,255618.85,254064.59,C006380368,421236.45,0.0,0,0
567,PAYMENT,28028.25,C001124916,59991.64,31963.39,C008429374,104757.61,0.0,0,0
387,CASH_IN,391.87,C004790193,9269.7,8877.83,C005309342,477763.98,0.0,0,0
33,PAYMENT,1615.65,C004455559,330667.63,329051.98,C000385884,156811.28,0.0,0,0
711,CASH_IN,878.13,C003709175,449597.58,448719.45,C000190283,141677.74,0.0,0,0
258,PAYMENT,12825.8,C000505207,337438.49,324612.69,C008532801,480666.28,0.0,0,0
670,CASH_OUT,1934.45,C001506134,408230.53,406296.08,C002386269,292731.57,0.0,0,0
350,TRANSFER,6220.45,C000233317,339937.75,333717.3,C002829765,338680.26,0.0,0,0
530,PAYMENT,355.79,C009041009,200031.64,199675.85,C006753113,215381.31,0.0,0,0
127,PAYMENT,3100.32,C006534373,358544.29,355443.97,C003361495,245326.62,0.0,0,0
590,PAYMENT,396.32,C001177867,412778.88,412382.56,C004001253,163779.32,0.0,0,0
478,PAYMENT,707.28,C005303149,239312.57,238605.29,C008754756,67984.4,0.0,0,0
688,CASH_IN,3701.43,C003431042,443887.2,440185.77,C003730953,343727.9,0.0,0,0
247,PAYMENT,4862.09,C004221143,112530.63,107668.54000000001,C008387249,17036.08,0.0,0,0
518,PAYMENT,509.81,C008978392,33390.58,32880.770000000004,C004960216,329118.81,0.0,0,0
410,CASH_IN,3879.65,C005224851,498209.26,494329.61,C007705009,237636.39,0.0,0,0
50,PAYMENT,1574.92,C001940256,253789.57,252214.65,C000898655,77382.51,0.0,0,0
404,PAYMENT,8050.53,C001028800,173064.63,165014.1,C000711841,386170.24,0.0,0,0
417,PAYMENT,924.31,C000371611,315868.0,314943.69,C001277545,457237.33,0.0,0,0
571,PAYMENT,1258.19,C003847298,357913.39,356655.2,C000991100,346906.7,0.0,0,0
246,PAYMENT,179.95,C007870651,114081.89,113901.94,C000852212,452982.71,0.0,0,0
246,PAYMENT,6280.09,C004290699,167410.42,161130.33000000002,C009691298,295738.74,0.0,0,0
725,PAYMENT,4366.75,C005615534,60245.94,55879.19,C005467366,353001.98,0.0,0,0
548,PAYMENT,9540.04,C007848972,176777.57,167237.53,C004161017,112846.16,0.0,0,0
512,TRANSFER,5770.88,C003964522,427753.25,421982.37,C008299742,213470.95,0.0,0,0
502,CASH_IN,6475.13,C009157562,143186.59,136711.46,C005449376,253477.29,0.0,0,0
145,PAYMENT,69362.5,C005783125,349732.32,280369.82,C000559488,410307.84,0.0,0,0
584,CASH_IN,2002.85,C005786921,358057.08,356054.23000000004,C000891989,66125.63,0.0,0,0
199,PAYMENT,6119.54,C008235127,405964.59,399845.05000000005,C008450019,468859.23,0.0,0,0
620,PAYMENT,1449.95,C008351791,103879.47,102429.52,C007910409,191930.49,0.0,0,0
424,CASH_IN,556.63,C005626783,288960.35,288403.72,C001760329,444243.89,0.0,0,0
14,PAYMENT,865.68,C008209479,247313.67,246447.99000000002,C006501747,293227.48,0.0,0,0
536,CASH_IN,5719.24,C005471440,463376.99,457657.75,C000897632,254464.3,0.0,0,0
117,CASH_OUT,2425.37,C007808737,168491.37,166066.0,C005684568,247700.49,0.0,0,0
318,PAYMENT,3903.25,C008221277,393607.01,389703.76,C007417315,192191.08,0.0,0,0
25,PAYMENT,1971.94,C003968037,115806.48,113834.54,C003708359,23643.13,0.0,0,0
276,TRANSFER,1158.23,C008859835,210078.02,208919.78999999998,C005517262,157125.21,0.0,0,0
122,TRANSFER,1171.92,C006838483,351290.12,350118.2,C008053587,182276.11,0.0,0,0
307,CASH_IN,14027.9,C005349739,330426.33,316398.43,C009479114,397615.57,0.0,0,0
684,PAYMENT,1537.63,C005945256,419420.01,417882.38,C009875844,260162.54,0.0,0,0
714,PAYMENT,41287.66,C002056995,317270.28,275982.62,C009425739,358103.39,0.0,0,0
439,DEBIT,6910.92,C001481063,70660.72,63749.8,C006651313,240221.29,0.0,0,0
196,PAYMENT,75108.12,C009479851,495418.55,420310.43,C005925154,266933.28,0.0,0,0
200,PAYMENT,947.57,C001823598,51293.49,50345.92,C007182179,166974.1,0.0,0,0
518,CASH_IN,9774.55,C003576125,351757.01,341982.46,C004615631,440566.53,0.0,0,0
317,CASH_IN,5297.44,C009353786,431546.01,426248.57,C006949872,307541.11,0.0,0,0
280,PAYMENT,20624.41,C008084604,332334.74,311710.33,C001943347,366803.4,0.0,0,0
261,TRANSFER,5553.96,C000471191,377733.42,372179.45999999996,C002178022,129524.59,0.0,0,0
274,CASH_IN,15067.14,C008186038,278543.29,263476.14999999997,C005569606,102081.41,0.0,0,0
454,CASH_IN,3995.2,C001027887,384071.68,380076.48,C003020769,288212.21,0.0,0,0
142,CASH_IN,7282.54,C004371336,131303.3,124020.76,C009466508,165567.44,0.0,0,0
403,PAYMENT,8246.04,C009000227,379144.55,370898.51,C003401415,445873.25,0.0,0,0
546,PAYMENT,2291.04,C007086305,71912.41,69621.37000000001,C008459114,24480.9,0.0,0,0
311,TRANSFER,17178.28,C000217207,333793.38,316615.1,C004357345,38486.34,0.0,0,0
423,PAYMENT,3819.76,C003487834,414636.92,410817.16,C003592156,280659.92,0.0,0,0
466,CASH_OUT,4523.13,C007488707,446222.72,441699.58999999997,C005111338,368993.93,0.0,0,0
631,PAYMENT,7362.58,C008739927,152183.17,144820.59000000003,C000241528,346808.0,0.0,0,0
38,PAYMENT,3064.22,C000693919,47536.29,44472.07,C000520532,14205.16,0.0,0,0
544,CASH_OUT,3267.47,C004054913,59565.54,56298.07,C004338945,150157.93,0.0,0,0
150,TRANSFER,6650.76,C008524181,336356.86,329706.1,C002073040,323715.56,0.0,0,0
91,PAYMENT,25251.22,C007425922,460907.96,435656.74,C008166250,252669.96,0.0,0,0
546,DEBIT,606.24,C006687158,303149.42,302543.18,C003620508,207366.93,0.0,0,0
251,CASH_IN,2638.12,C000386704,431357.05,428718.93,C006819572,324322.71,0.0,0,0
446,CASH_IN,9171.44,C001318704,56611.09,47439.649999999994,C005883556,91725.82,0.0,0,0
306,PAYMENT,2619.67,C000108729,98841.42,96221.75,C004419897,70869.29,0.0,0,0
358,PAYMENT,15358.08,C000089677,399460.36,384102.27999999997,C000854385,402199.0,0.0,0,0
339,CASH_IN,2230.67,C002971183,240264.53,238033.86,C001078633,39217.01,0.0,0,0
741,PAYMENT,1766.57,C002416849,457794.47,456027.89999999997,C008517907,167194.59,0.0,0,0
417,CASH_IN,3693.14,C008498268,267289.77,263596.63,C004721471,407150.03,0.0,0,0
430,CASH_IN,18114.28,C001910315,93137.9,75023.62,C009744646,430386.96,0.0,0,0
151,CASH_OUT,5433.81,C005312021,41879.26,36445.450000000004,C001731696,159570.2,0.0,0,0
611,PAYMENT,2018.24,C006050810,401619.33,399601.09,C002648984,448295.4,0.0,0,0
714,CASH_OUT,19112.69,C001543567,245787.9,226675.21,C000084208,491919.63,0.0,0,0
585,PAYMENT,1846.07,C004451413,217806.87,215960.8,C004010715,45897.22,0.0,0,0
653,CASH_OUT,1665.77,C004850488,243730.53,242064.76,C005920035,183190.52,0.0,0,0
488,PAYMENT,496.11,C000800225,266790.55,266294.44,C005684656,239844.33,0.0,0,0
101,CASH_OUT,264.21,C000443626,307863.89,307599.68,C001364492,258184.96,0.0,0,0
222,TRANSFER,2422.43,C001240597,481898.96,479476.53,C001944032,366524.7,0.0,0,0
443,CASH_IN,6354.55,C003683785,376380.53,370025.98000000004,C001484563,390983.52,0.0,0,0
244,PAYMENT,20626.69,C008249788,475675.97,455049.27999999997,C000269368,417444.83,0.0,0,0
615,CASH_IN,5532.95,C007426748,166194.69,160661.74,C002874009,56599.84,0.0,0,0
11,PAYMENT,3317.22,C006736153,65084.63,61767.409999999996,C000559976,147405.6,0.0,0,0
139,PAYMENT,51.6,C002526916,74164.52,74112.92,C000922493,226993.1,0.0,0,0
271,CASH_OUT,2353.08,C005875791,181824.28,179471.2,C007515101,228849.86,0.0,0,0
681,CASH_IN,14890.61,C003947139,327609.34,312718.73000000004,C008827884,65280.36,0.0,0,0
380,PAYMENT,5547.38,C009293247,62084.31,56536.93,C001871640,286548.07,0.0,0,0
361,TRANSFER,1455.46,C006902616,158870.96,157415.5,C009317520,387773.54,0.0,0,0
345,PAYMENT,1050.55,C001359932,395656.95,394606.4,C001172429,176442.38,0.0,0,0
595,CASH_OUT,794.84,C006230358,55196.66,54401.82000000001,C007098503,315755.24,0.0,0,0
526,DEBIT,23671.3,C001118678,128060.45,104389.15,C009019522,119061.5,0.0,0,0
198,CASH_IN,5484.49,C006602587,116951.16,111466.67,C000892193,309236.89,0.0,0,0
54,CASH_IN,1836.98,C003402763,350243.54,348406.56,C007828870,222548.09,0.0,0,0
517,CASH_OUT,1110.05,C002266801,261593.11,260483.06,C009582673,291682.29,0.0,0,0
675,PAYMENT,9013.64,C003792043,399798.42,390784.77999999997,C009694437,43992.66,0.0,0,0
613,CASH_IN,920.74,C000523036,424555.44,423634.7,C003327056,274762.96,0.0,0,0
512,TRANSFER,1914.2,C007419162,196134.78,194220.58,C008403252,132309.14,0.0,0,0
698,CASH_IN,2178.26,C002594474,294710.99,292532.73,C005155933,247064.86,0.0,0,0
138,PAYMENT,4008.88,C000952145,488448.9,484440.02,C002988071,89931.34,0.0,0,0
465,CASH_OUT,1151.61,C000926021,285064.9,283913.29000000004,C000084345,248707.08,0.0,0,0
439,PAYMENT,10231.67,C000519898,22338.16,12106.49,C005215549,216136.31,0.0,0,0
252,PAYMENT,1519.21,C009565037,369264.79,367745.57999999996,C002811788,374640.26,0.0,0,0
72,CASH_OUT,544.74,C008581270,121226.49,120681.75,C003461029,199148.88,0.0,0,0
328,PAYMENT,1565.79,C003723985,121467.77,119901.98000000001,C009956554,134377.37,0.0,0,0
627,PAYMENT,7844.4,C005201686,118973.73,111129.33,C007527562,437920.27,0.0,0,0
494,CASH_IN,1627.39,C002372490,218524.97,216897.58,C009893509,493301.48,0.0,0,0
741,CASH_IN,2446.74,C002357831,54239.24,51792.5,C007503531,309852.35,0.0,0,0
586,CASH_OUT,926.97,C005512781,302041.29,301114.32,C008348725,358025.52,0.0,0,0
567,PAYMENT,3604.63,C006428924,401857.08,398252.45,C006363500,100267.97,0.0,0,0
574,PAYMENT,3981.29,C006943187,426189.27,422207.98000000004,C009389382,479070.46,0.0,0,0
220,CASH_OUT,1116.62,C001495486,55347.17,54230.549999999996,C000982493,355753.11,0.0,0,0
376,DEBIT,21439.31,C002687332,5358.12,0.0,C008546880,442719.62,0.0,0,0
388,CASH_IN,1273.4,C003113095,243860.37,242586.97,C005990178,402612.05,0.0,0,0
302,CASH_OUT,349.75,C000871318,276063.71,275713.96,C009355547,176695.12,0.0,0,0
652,CASH_IN,860.31,C008740384,25595.52,24735.21,C009502657,427187.85,0.0,0,0
169,PAYMENT,6190.5,C004599770,455059.79,448869.29,C006037148,26364.46,0.0,0,0
177,CASH_IN,832.88,C006330665,60969.03,60136.15,C009528862,348574.34,0.0,0,0
725,PAYMENT,4799.61,C002662069,148101.96,143302.35,C009148924,80821.77,0.0,0,0
85,CASH_IN,689.81,C006506876,194350.7,193660.89,C006569223,390837.57,0.0,0,0
731,CASH_IN,2611.84,C001229672,483149.54,480537.69999999995,C005553464,156247.75,0.0,0,0
705,DEBIT,5455.11,C003954025,320691.45,315236.34,C006763948,268674.16,0.0,0,0
255,CASH_IN,3734.07,C005442820,55912.22,52178.15,C009724838,24787.35,0.0,0,0
739,PAYMENT,1428.39,C003342993,448623.77,447195.38,C001783660,9323.48,0.0,0,0
659,PAYMENT,96.34,C008308634,101813.32,101716.98000000001,C002511548,409343.97,0.0,0,0
384,TRANSFER,3200.5,C001617165,486997.49,483796.99,C006747320,338493.89,0.0,0,0
418,TRANSFER,5992.59,C007170356,73993.93,68001.34,C008396615,475573.47,0.0,0,0
482,CASH_OUT,1560.53,C009550378,210821.28,209260.75,C001567937,200601.75,0.0,0,0
559,CASH_IN,4001.79,C001892865,423116.14,419114.35000000003,C002813042,94536.71,0.0,0,0
72,PAYMENT,20366.77,C003176152,45916.38,25549.609999999997,C001750378,358256.65,0.0,0,0
623,CASH_OUT,14317.81,C002061067,469397.21,455079.4,C000621411,77129.45,0.0,0,0
685,CASH_IN,1432.08,C009599541,62852.39,61420.31,C002239171,183265.04,0.0,0,0
151,PAYMENT,7466.67,C003526723,179319.2,171852.53,C001312878,318205.69,0.0,0,0
99,PAYMENT,352.72,C000919309,40073.91,39721.19,C001386156,287073.63,0.0,0,0
455,TRANSFER,13393.56,C007177741,122983.41,109589.85,C007334373,382304.62,0.0,0,0
425,PAYMENT,2045.42,C003464863,215560.12,213514.69999999998,C008810176,91065.64,0.0,0,0
46,PAYMENT,2421.06,C009847135,115981.22,113560.16,C003467321,357249.4,0.0,0,0
322,PAYMENT,10376.64,C004911377,474304.5,463927.86,C003872660,58857.7,0.0,0,0
292,CASH_OUT,649.78,C003061095,165589.38,164939.6,C003625598,225411.3,0.0,0,0
244,PAYMENT,3302.45,C006561799,347880.03,344577.58,C007303777,61469.63,0.0,0,0
673,PAYMENT,3324.74,C008612188,337102.76,333778.02,C004232706,37870.75,0.0,0,0
339,PAYMENT,2937.77,C009764632,283917.18,280979.41,C008852200,391175.67,0.0,0,0
428,CASH_IN,3900.04,C006155158,339379.48,335479.44,C004817591,14922.32,0.0,0,0
99,CASH_OUT,2548.31,C001455602,480801.05,478252.74,C003367812,235313.88,0.0,0,0
76,CASH_IN,5993.5,C001122830,62353.75,56360.25,C000317817,229475.7,0.0,0,0
528,PAYMENT,3727.2,C006748001,376218.97,372491.76999999996,C003810409,388755.81,0.0,0,0
188,CASH_IN,28282.46,C006527679,325255.85,296973.38999999996,C003214938,113289.3,0.0,0,0
628,CASH_OUT,700.6,C000788633,125547.39,124846.79,C002157027,376946.3,0.0,0,0
625,CASH_OUT,3578.25,C004343724,301649.13,298070.88,C001925630,227917.14,0.0,0,0
330,CASH_IN,15156.88,C007656223,256905.86,241748.97999999998,C005430149,72603.23,0.0,0,0
161,CASH_OUT,1958.07,C001679757,246094.93,244136.86,C007201864,111291.49,0.0,0,0
151,PAYMENT,1837.45,C002669689,196023.67,194186.22,C009050049,189660.2,0.0,0,0
557,CASH_OUT,6025.33,C006392722,294382.23,288356.89999999997,C002805512,417198.08,0.0,0,0
9,PAYMENT,56657.13,C006996319,463315.62,406658.49,C000099127,285315.44,0.0,0,0
434,PAYMENT,4764.98,C006387165,66754.98,61990.0,C002509779,13711.26,0.0,0,0
601,PAYMENT,1246.69,C009502045,443217.34,441970.65,C000227336,370092.28,0.0,0,0
206,PAYMENT,2019.16,C007255483,410700.35,408681.19,C007654062,347470.28,0.0,0,0
511,DEBIT,1356.91,C003678855,256624.03,255267.12,C000646910,351085.08,0.0,0,0
186,PAYMENT,7200.91,C004345031,382772.93,375572.02,C005325777,362402.95,0.0,0,0
634,PAYMENT,1697.82,C008480522,94059.03,92361.20999999999,C001282165,44877.56,0.0,0,0
169,TRANSFER,1622.04,C004447673,151474.96,149852.91999999998,C001574330,123552.82,0.0,0,0
601,CASH_IN,1151.81,C001909413,197889.7,196737.89,C001431925,393053.26,0.0,0,0
599,PAYMENT,1652.48,C000823204,116174.21,114521.73000000001,C005630933,379263.86,0.0,0,0
337,PAYMENT,9262.02,C004940812,62738.44,53476.42,C004753932,452445.02,0.0,0,0
690,CASH_OUT,7334.09,C004015816,57416.48,50082.39,C004104465,276282.78,0.0,0,0
661,DEBIT,679.16,C003158250,272653.83,271974.67000000004,C005630527,146997.81,0.0,0,0
728,CASH_OUT,6313.03,C004433057,213462.84,207149.81,C000643907,22245.4,0.0,0,0
705,DEBIT,3564.73,C006234584,137788.32,134223.59,C007614822,19808.34,0.0,0,0
526,PAYMENT,1962.63,C006501040,493014.09,491051.46,C002272473,292197.27,0.0,0,0
162,CASH_OUT,5773.18,C005204031,359581.3,353808.12,C005960753,176586.19,0.0,0,0
186,CASH_IN,1296.59,C005409395,327904.03,326607.44,C005240458,246535.1,0.0,0,0
659,TRANSFER,3257.76,C003595619,2371.92,0.0,C001138548,444278.38,0.0,0,0
473,PAYMENT,3368.24,C002168663,238278.21,234909.97,C007587452,240424.85,0.0,0,0
256,PAYMENT,12660.19,C000910506,148704.93,136044.74,C003585694,426498.71,0.0,0,0
514,CASH_OUT,20348.74,C007912162,314133.97,293785.23,C006541356,177748.15,0.0,0,0
428,TRANSFER,4606.28,C006233426,342731.68,338125.39999999997,C000147279,16787.34,0.0,0,0
529,DEBIT,2100.13,C004870902,20775.65,18675.52,C002566795,365881.86,0.0,0,0
513,CASH_OUT,1134.96,C003663573,384340.74,383205.77999999997,C003147747,10555.36,0.0,0,0
508,CASH_IN,7273.58,C007191285,411001.96,403728.38,C009844407,230907.97,0.0,0,0
254,PAYMENT,6339.73,C006705794,450732.55,444392.82,C009522124,174782.74,0.0,0,0
472,PAYMENT,3154.58,C007788518,20628.83,17474.25,C009217617,468018.96,0.0,0,0
322,PAYMENT,844.58,C008428384,133807.56,132962.98,C002521067,354360.98,0.0,0,0
449,TRANSFER,9365.91,C003690752,101819.96,92454.05,C000984609,467054.37,0.0,0,0
638,PAYMENT,650.05,C009231268,27976.69,27326.64,C001241215,404041.23,0.0,0,0
316,CASH_IN,1211.11,C004466397,139090.11,137879.0,C009622145,38015.4,0.0,0,0
318,PAYMENT,893.22,C000651854,473123.13,472229.91000000003,C000828369,449817.18,0.0,0,0
604,CASH_IN,7122.54,C009724467,35468.19,28345.65,C002595291,124729.03,0.0,0,0
169,CASH_OUT,49534.52,C006886515,498631.81,449097.29,C000800497,461496.62,0.0,0,0
48,PAYMENT,23617.92,C006093496,334210.43,310592.51,C000086998,137981.35,0.0,0,0
580,DEBIT,829.94,C004518346,271266.06,270436.12,C002325904,190689.79,0.0,0,0
604,PAYMENT,700.61,C008205256,77023.73,76323.12,C003063273,408622.75,0.0,0,0
716,CASH_IN,2608.07,C001221990,405797.04,403188.97,C003622181,126280.26,0.0,0,0
134,PAYMENT,18403.56,C008909254,427123.05,408719.49,C001170667,272869.71,0.0,0,0
130,CASH_OUT,356.39,C002569542,321614.64,321258.25,C006738201,275830.77,0.0,0,0
316,TRANSFER,17733.62,C009262625,355084.3,337350.68,C001229405,60213.24,0.0,0,0
217,CASH_IN,736.69,C008239109,326338.83,325602.14,C006198331,14724.87,0.0,0,0
515,CASH_OUT,8927.42,C008780528,159647.22,150719.8,C004445691,173731.18,0.0,0,0
653,CASH_IN,1925.37,C007535628,228726.21,226800.84,C000972892,98154.74,0.0,0,0
730,CASH_OUT,1803.85,C007830473,157594.73,155790.88,C008951261,289822.31,0.0,0,0
639,CASH_OUT,9351.14,C001902209,148124.98,138773.84000000003,C004941791,346516.6,0.0,0,0
508,CASH_OUT,910.84,C003832838,454637.23,453726.38999999996,C002191910,346165.78,0.0,0,0
664,CASH_IN,1290.26,C009039938,99502.65,98212.39,C003104214,496846.74,0.0,0,0
725,CASH_OUT,4198.33,C005354911,31713.98,27515.65,C000457913,191785.18,0.0,0,0
360,CASH_OUT,14291.31,C002208576,329500.67,315209.36,C002920575,332466.79,0.0,0,0
175,PAYMENT,10371.84,C005187202,204868.85,194497.01,C005303517,376354.19,0.0,0,0
55,PAYMENT,892.81,C002650043,10264.62,9371.810000000001,C003582629,242444.61,0.0,0,0
353,DEBIT,11943.28,C007751685,491475.25,479531.97,C007427828,250366.57,0.0,0,0
671,PAYMENT,22613.61,C002145306,214335.75,191722.14,C004266515,13374.84,0.0,0,0
2,PAYMENT,1446.93,C001294674,99288.2,97841.27,C005447002,195048.3,0.0,0,0
348,CASH_IN,2324.94,C000073339,191378.09,189053.15,C003176426,446765.25,0.0,0,0
274,PAYMENT,908.56,C000456727,218742.78,217834.22,C007840089,307547.56,0.0,0,0
50,CASH_IN,1000.78,C008536619,130454.78,129454.0,C000318082,223282.8,0.0,0,0
4,CASH_OUT,311.58,C004379222,36377.74,36066.159999999996,C001195112,242721.08,0.0,0,0
280,DEBIT,2277.44,C001579825,310980.09,308702.65,C003023676,429826.12,0.0,0,0
455,PAYMENT,4143.62,C006598012,208763.75,204620.13,C003535814,245786.01,0.0,0,0
120,CASH_IN,5038.37,C000323358,7813.78,2775.41,C004995184,386832.99,0.0,0,0
399,PAYMENT,17403.28,C001165776,333839.53,316436.25,C001167374,160143.04,0.0,0,0
150,CASH_IN,2817.76,C004563464,407942.8,405125.04,C005839060,141504.18,0.0,0,0
255,PAYMENT,137501.98,C003706832,295609.56,158107.58,C004124038,454199.63,0.0,0,0
198,PAYMENT,5601.43,C004089591,196176.4,190574.97,C005682270,176045.07,0.0,0,0
645,CASH_OUT,393.27,C008388559,352459.55,352066.27999999997,C009148771,318004.26,0.0,0,0
520,CASH_OUT,9522.3,C007223894,484409.08,474886.78,C002006965,84261.01,0.0,0,0
610,CASH_OUT,669.51,C001413363,435012.23,434342.72,C007337693,85264.99,0.0,0,0
694,PAYMENT,12860.73,C000222598,114102.34,101241.61,C000977246,457324.88,0.0,0,0
531,TRANSFER,8135.5,C001059486,308676.21,300540.71,C004839287,426093.98,0.0,0,0
453,CASH_OUT,5140.25,C005515738,325948.68,320808.43,C006792311,493951.28,0.0,0,0
127,PAYMENT,1317.88,C002084423,450701.84,449383.96,C003928345,101220.13,0.0,0,0
16,CASH_IN,580.93,C009739139,436416.97,435836.04,C004594144,390589.94,0.0,0,0
672,PAYMENT,451.29,C006422227,7333.99,6882.7,C005374531,354007.57,0.0,0,0
161,PAYMENT,131.66,C007668276,458961.12,458829.46,C003496480,17148.44,0.0,0,0
183,CASH_OUT,3288.8,C002006420,260416.75,257127.95,C003295186,2437.94,0.0,0,0
82,CASH_IN,30140.88,C006653618,331528.11,301387.23,C000633105,343491.98,0.0,0,0
312,PAYMENT,549.08,C004122752,187942.0,187392.92,C003699254,106307.9,0.0,0,0
178,CASH_OUT,525.65,C004556671,138107.38,137581.73,C005431328,299859.28,0.0,0,0
366,CASH_OUT,563.32,C007929158,410243.0,409679.68,C008533977,35465.83,0.0,0,0
286,CASH_OUT,8435.43,C004920483,251219.62,242784.19,C007504404,55932.77,0.0,0,0
85,TRANSFER,3667.25,C000657453,119756.3,116089.05,C001269381,196640.42,0.0,0,0
245,CASH_IN,1191.24,C006291763,140608.28,139417.04,C005606530,329589.02,0.0,0,0
71,PAYMENT,7030.69,C000850688,220679.03,213648.34,C003002125,325239.25,0.0,0,0
137,PAYMENT,288.77,C003998649,225374.05,225085.28,C001562007,355917.09,0.0,0,0
569,CASH_IN,352.02,C009747056,194665.47,194313.45,C006307827,407240.19,0.0,0,0
220,PAYMENT,37384.61,C004222541,476184.83,438800.22000000003,C000992225,276949.85,0.0,0,0
672,CASH_OUT,2700.13,C006891568,373210.62,370510.49,C000499588,281548.18,0.0,0,0
318,CASH_OUT,992.52,C007939106,87946.78,86954.26,C003364464,435130.39,0.0,0,0
172,PAYMENT,4732.32,C002075478,396828.1,392095.77999999997,C002102004,13350.0,0.0,0,0
18,CASH_OUT,870.76,C007797489,231194.1,230323.34,C001169987,469805.99,0.0,0,0
636,CASH_OUT,40570.35,C002210025,56644.77,16074.419999999998,C009393650,346459.09,0.0,0,0
334,CASH_OUT,6130.42,C009133579,3464.61,0.0,C004504798,1626.35,0.0,0,0
307,CASH_OUT,1671.76,C007629936,431138.83,429467.07,C008715340,313106.48,0.0,0,0
564,TRANSFER,1451.1,C007732128,432871.36,431420.26,C005402825,463440.18,0.0,0,0
34,CASH_OUT,782.29,C008973540,201750.29,200968.0,C006774958,196392.27,0.0,0,0
657,PAYMENT,10111.89,C009039489,340209.15,330097.26,C006802655,76564.29,0.0,0,0
125,CASH_OUT,4181.65,C007219794,439120.05,434938.39999999997,C000182685,352192.09,0.0,0,0
66,CASH_IN,2418.67,C002383369,191530.74,189112.06999999998,C007370820,423100.59,0.0,0,0
620,CASH_OUT,285.24,C002059302,407043.06,406757.82,C001825439,298817.19,0.0,0,0
470,PAYMENT,820.06,C000714037,472180.59,471360.53,C008250915,137474.19,0.0,0,0
136,PAYMENT,17450.23,C008510091,275152.89,257702.66,C005155838,4246.6,0.0,0,0
423,CASH_IN,60438.9,C004282486,201512.64,141073.74000000002,C008753349,344005.95,0.0,0,0
251,CASH_OUT,3772.26,C004929817,189219.15,185446.88999999998,C002682079,74585.87,0.0,0,0
590,CASH_OUT,6204.32,C008218642,476466.54,470262.22,C005910773,492272.03,0.0,0,0
308,CASH_IN,5468.37,C003292444,239079.56,233611.19,C009930949,154816.06,0.0,0,0
692,PAYMENT,11935.99,C002968120,185950.72,174014.73,C008589295,331344.74,0.0,0,0
224,CASH_OUT,17459.68,C009074933,402424.87,384965.19,C004499473,245004.11,0.0,0,0
564,PAYMENT,5254.81,C008782131,97140.83,91886.02,C002905783,433161.28,0.0,0,0
57,CASH_IN,2383.8,C000043795,12571.65,10187.849999999999,C000703134,291780.0,0.0,0,0
309,CASH_OUT,1195.52,C004617928,143987.27,142791.75,C006394604,219264.54,0.0,0,0
378,CASH_OUT,168.43,C005499734,471154.93,470986.5,C007020829,196577.76,0.0,0,0
171,CASH_IN,5139.86,C003090050,412969.42,407829.56,C009064925,422603.5,0.0,0,0
679,CASH_OUT,1917.03,C003767271,77691.79,75774.76,C009206920,439302.34,0.0,0,0
626,CASH_IN,5136.32,C002122876,484022.56,478886.24,C004428519,366613.99,0.0,0,0
480,CASH_IN,2330.18,C006932930,458455.63,456125.45,C002201865,78763.66,0.0,0,0
397,CASH_OUT,2672.6,C004436669,28762.1,26089.5,C006982436,35692.73,0.0,0,0
562,CASH_OUT,294.87,C007476492,426731.66,426436.79,C002769576,156820.07,0.0,0,0
587,PAYMENT,3876.92,C003391768,266403.43,262526.51,C001080287,35345.3,0.0,0,0
720,PAYMENT,10831.99,C002108482,276471.84,265639.85000000003,C002409270,155249.94,0.0,0,0
11,PAYMENT,138.32,C006641310,442656.28,442517.96,C001809810,473732.5,0.0,0,0
380,PAYMENT,3119.7,C005428706,25786.69,22666.989999999998,C005602079,323004.58,0.0,0,0
677,PAYMENT,5685.73,C007595792,36077.72,30391.99,C009968863,41771.46,0.0,0,0
4,CASH_IN,6554.69,C008348464,199928.97,193374.28,C009262351,97262.85,0.0,0,0
526,TRANSFER,2745.69,C009307368,199399.04,196653.35,C000983588,220838.0,0.0,0,0
631,PAYMENT,462.76,C009887736,393705.12,393242.36,C005194611,158141.96,0.0,0,0
325,DEBIT,3420.55,C002138536,284122.67,280702.12,C008607676,112732.89,0.0,0,0
1,DEBIT,2750.72,C004591005,122942.54,120191.81999999999,C007167270,249529.31,0.0,0,0
68,TRANSFER,2644.38,C001933567,475148.71,472504.33,C000051346,167070.28,0.0,0,0
324,CASH_OUT,18818.83,C004153390,329849.51,311030.68,C009332611,96512.25,0.0,0,0
32,DEBIT,5413.94,C009298924,307012.18,301598.24,C005730942,246280.48,0.0,0,0
732,CASH_IN,3792.98,C001908403,148324.91,144531.93,C002572680,190989.26,0.0,0,0
328,CASH_OUT,2981.27,C009831710,326208.39,323227.12,C006198328,315881.0,0.0,0,0
143,CASH_IN,251.46,C008711070,483108.7,482857.24,C005011211,207357.07,0.0,0,0
43,CASH_IN,8935.43,C000220651,342314.46,333379.03,C009636509,385978.2,0.0,0,0
570,CASH_OUT,67457.83,C003717482,257348.97,189891.14,C004968449,412306.8,0.0,0,0
648,PAYMENT,1102.1,C004319255,410634.95,409532.85000000003,C003471699,170160.53,0.0,0,0
594,DEBIT,2184.67,C002737625,176333.54,174148.87,C003624133,35988.2,0.0,0,0
215,CASH_IN,556.19,C004429895,137645.96,137089.77,C007597884,147009.8,0.0,0,0
315,PAYMENT,9628.39,C009329340,286551.41,276923.01999999996,C004773171,343876.96,0.0,0,0
450,TRANSFER,3364.8,C001685979,145831.66,142466.86000000002,C002507465,297796.65,0.0,0,0
215,PAYMENT,497.83,C004102773,462125.62,461627.79,C009396406,43377.79,0.0,0,0
682,DEBIT,15328.68,C000028097,348740.56,333411.88,C008300164,230386.65,0.0,0,0
554,CASH_OUT,2106.26,C003147279,380612.01,378505.75,C004818319,212089.24,0.0,0,0
517,CASH_OUT,5668.05,C007732691,370047.2,364379.15,C009653220,120597.55,0.0,0,0
205,PAYMENT,4564.24,C001435028,101426.71,96862.47,C000956048,281822.46,0.0,0,0
421,PAYMENT,291.12,C009601955,254387.12,254096.0,C009846138,220969.0,0.0,0,0
33,CASH_IN,1177.86,C000281607,478860.81,477682.95,C002642960,318596.21,0.0,0,0
595,PAYMENT,5286.81,C001538827,142833.01,137546.2,C000595047,223590.09,0.0,0,0
629,PAYMENT,3702.27,C004801743,110001.34,106299.06999999999,C001315969,287962.83,0.0,0,0
523,PAYMENT,3182.1,C001893583,72273.63,69091.53,C009638555,346225.47,0.0,0,0
60,DEBIT,5261.31,C009114795,12461.91,7200.599999999999,C007585253,275019.4,0.0,0,0
128,CASH_IN,9916.08,C007206220,407829.68,397913.6,C006847612,49656.77,0.0,0,0
305,CASH_OUT,455.25,C000189632,286653.07,286197.82,C008516030,111037.76,0.0,0,0
148,PAYMENT,1700.94,C008748982,55668.75,53967.81,C006328040,356748.32,0.0,0,0
340,CASH_IN,681.0,C004564119,332616.24,331935.24,C007822278,405166.09,0.0,0,0
607,PAYMENT,4475.19,C009657246,155476.77,151001.58,C005752586,262208.83,0.0,0,0
620,PAYMENT,3043.09,C002446600,77652.45,74609.36,C004675701,79179.22,0.0,0,0
336,DEBIT,1379.22,C008207422,134700.45,133321.23,C001181340,414121.47,0.0,0,0
254,CASH_OUT,905.19,C002726884,103103.57,102198.38,C000044137,103872.42,0.0,0,0
331,PAYMENT,3667.56,C007948307,285854.87,282187.31,C000199712,461751.54,0.0,0,0
290,TRANSFER,450.07,C008985156,136081.8,135631.72999999998,C006235239,114623.02,0.0,0,0
205,CASH_IN,1508.77,C009035315,33567.31,32058.539999999997,C009364588,412541.33,0.0,0,0
258,PAYMENT,51005.91,C004203609,24712.27,0.0,C008196599,428917.3,0.0,0,0
22,PAYMENT,20825.64,C009569688,304645.44,283819.8,C001623043,351526.92,0.0,0,0
70,CASH_OUT,925.4,C002765391,221422.48,220497.08000000002,C005754730,280641.68,0.0,0,0
396,PAYMENT,627.1,C003182264,70377.17,69750.06999999999,C000228107,437189.68,0.0,0,0
440,PAYMENT,16828.75,C000983013,420687.07,403858.32,C002005009,391225.58,0.0,0,0
402,CASH_OUT,719.87,C004658229,314603.86,313883.99,C002332695,375730.4,0.0,0,0
28,PAYMENT,7289.86,C003062943,10172.27,2882.4100000000008,C000884315,448057.4,0.0,0,0
654,TRANSFER,15581.61,C007880456,220590.49,205008.88,C006276848,52526.39,0.0,0,0
125,PAYMENT,2190.18,C004685872,295664.67,293474.49,C001692061,175587.92,0.0,0,0
742,PAYMENT,1672.85,C009209095,383315.94,381643.09,C000372019,110754.16,0.0,0,0
524,CASH_OUT,1307.13,C001087702,478945.06,477637.93,C009142256,384103.93,0.0,0,0
484,CASH_IN,4868.82,C009063235,111024.45,106155.63,C004987536,130916.13,0.0,0,0
503,PAYMENT,257.7,C009956789,65572.32,65314.62000000001,C000039584,146533.2,0.0,0,0
633,CASH_OUT,16916.22,C003915988,49289.47,32373.25,C003709454,65168.51,0.0,0,0
576,CASH_OUT,280.32,C003968369,40242.83,39962.51,C003009683,364643.77,0.0,0,0
478,PAYMENT,13172.1,C009693486,487657.43,474485.33,C004020426,317425.46,0.0,0,0
65,PAYMENT,304.71,C002484742,253695.45,253390.74000000002,C007821836,313908.32,0.0,0,0
451,PAYMENT,3478.17,C001507599,23350.53,19872.36,C001773625,34485.89,0.0,0,0
439,PAYMENT,2264.75,C006260375,95060.88,92796.13,C003227578,56420.33,0.0,0,0
415,PAYMENT,1230.2,C001562112,343940.25,342710.05,C007536969,315408.63,0.0,0,0
294,PAYMENT,964.6,C002225397,175166.51,174201.91,C007774997,224718.61,0.0,0,0
429,CASH_IN,769.87,C005893108,176198.48,175428.61000000002,C005366139,148076.52,0.0,0,0
373,PAYMENT,17052.8,C003874971,61222.41,44169.61,C009159921,4205.58,0.0,0,0
434,CASH_IN,2760.75,C003193930,350362.61,347601.86,C008652045,236535.91,0.0,0,0
375,DEBIT,3513.83,C006777051,418334.39,414820.56,C009530759,75159.38,0.0,0,0
290,CASH_IN,27963.26,C003824733,42519.75,14556.490000000002,C009461728,165229.9,0.0,0,0
626,CASH_IN,401.17,C000502334,240977.5,240576.33,C009199040,215349.03,0.0,0,0
588,PAYMENT,3330.1,C005751295,386148.35,382818.25,C006825523,61705.79,0.0,0,0
70,PAYMENT,194.44,C007047079,329902.37,329707.93,C007935991,74104.26,0.0,0,0
525,CASH_IN,390.81,C008400360,380128.43,379737.62,C002770111,392777.41,0.0,0,0
321,PAYMENT,3104.87,C003567776,227630.05,224525.18,C005917341,327682.2,0.0,0,0
688,CASH_IN,950.91,C005264275,294594.04,293643.13,C007296755,275276.77,0.0,0,0
172,CASH_IN,48463.96,C005454757,338889.33,290425.37,C001047039,393642.37,0.0,0,0
223,CASH_OUT,7483.1,C002622364,327968.42,320485.32,C000647571,304868.14,0.0,0,0
704,CASH_IN,7681.32,C008909359,442043.57,434362.25,C000041299,69999.05,0.0,0,0
573,CASH_OUT,1890.2,C005385444,135217.33,133327.12999999998,C001944808,341161.75,0.0,0,0
144,CASH_OUT,1719.59,C005849688,35058.85,33339.26,C009230577,321395.91,0.0,0,0
630,TRANSFER,207.61,C004525848,267229.21,267021.60000000003,C001684078,441913.65,0.0,0,0
293,CASH_IN,4383.16,C006021203,219851.84,215468.68,C002131934,175801.81,0.0,0,0
251,CASH_OUT,4083.44,C003930669,336524.26,332440.82,C007360837,202208.65,0.0,0,0
247,TRANSFER,3915.23,C004109556,12219.18,8303.95,C009589378,488407.81,0.0,0,0
221,PAYMENT,2584.56,C009049020,35294.29,32709.73,C003991892,409649.75,0.0,0,0
303,PAYMENT,2299.97,C002001647,246520.35,244220.38,C007832773,347433.87,0.0,0,0
473,PAYMENT,6444.91,C008528206,26218.52,19773.61,C007639581,185143.91,0.0,0,0
150,CASH_OUT,1847.87,C005096388,59829.53,57981.659999999996,C000936128,9174.57,0.0,0,0
404,CASH_OUT,415.32,C000946104,418259.86,417844.54,C001971638,288740.26,0.0,0,0
298,PAYMENT,9834.27,C004040959,293286.76,283452.49,C007098887,367896.75,0.0,0,0
310,PAYMENT,1237.83,C000245266,394563.03,393325.2,C004421021,337075.38,0.0,0,0
627,PAYMENT,1433.44,C006560969,439344.42,437910.98,C006232800,164145.04,0.0,0,0
188,PAYMENT,968.18,C005567825,203492.77,202524.59,C001431249,266567.84,0.0,0,0
85,CASH_IN,32555.65,C004112043,472514.08,439958.43,C000973513,46566.88,0.0,0,0
618,PAYMENT,1468.51,C009280012,458289.62,456821.11,C004253262,299379.33,0.0,0,0
367,DEBIT,729.25,C009014637,25425.97,24696.72,C003372529,238259.56,0.0,0,0
556,PAYMENT,2584.2,C000360220,14413.74,11829.54,C002729288,247304.23,0.0,0,0
680,CASH_IN,9216.81,C008417291,457115.14,447898.33,C004962009,126021.16,0.0,0,0
103,PAYMENT,1223.02,C009634649,162748.95,161525.93000000002,C004162116,29314.44,0.0,0,0
685,CASH_OUT,1616.85,C008862281,473858.97,472242.12,C002890127,191397.76,0.0,0,0
196,CASH_OUT,1724.18,C006869145,15487.32,13763.14,C001840841,297171.18,0.0,0,0
583,CASH_IN,1567.62,C004636940,363889.17,362321.55,C001509085,236463.97,0.0,0,0
187,CASH_IN,3962.95,C007435373,137324.44,133361.49,C008949711,451833.42,0.0,0,0
129,PAYMENT,1015.08,C007751658,11355.75,10340.67,C007937331,238352.77,0.0,0,0
221,TRANSFER,3217.58,C004468895,389261.67,386044.08999999997,C008505630,150839.54,0.0,0,0
196,PAYMENT,8426.09,C003042406,133769.31,125343.22,C002946783,3751.9,0.0,0,0
176,CASH_OUT,898.09,C000310824,207661.24,206763.15,C008015349,482279.88,0.0,0,0
516,CASH_OUT,415.74,C002468388,122655.56,122239.81999999999,C000290288,489153.01,0.0,0,0
563,CASH_OUT,199.26,C009222537,9050.79,8851.53,C001066785,203596.47,0.0,0,0
62,PAYMENT,2735.02,C002785652,479227.95,476492.93,C002279328,375630.0,0.0,0,0
567,CASH_IN,1516.27,C000183288,282511.54,280995.26999999996,C004408155,93345.51,0.0,0,0
695,PAYMENT,5548.47,C003858039,45518.8,39970.33,C004227767,482451.44,0.0,0,0
196,CASH_IN,1543.54,C003752485,346477.27,344933.73000000004,C001853322,303297.52,0.0,0,0
2,PAYMENT,1119.46,C007833559,105788.13,104668.67,C000488845,261056.0,0.0,0,0
343,PAYMENT,1073.33,C009388930,353531.51,352458.18,C006690583,229085.9,0.0,0,0
23,CASH_IN,495.4,C001536937,171567.83,171072.43,C007885894,93737.52,0.0,0,0
714,PAYMENT,149.21,C000233459,306286.89,306137.68,C005328421,38174.23,0.0,0,0
577,CASH_IN,2831.93,C006375239,140291.09,137459.16,C009916890,426114.37,0.0,0,0
356,PAYMENT,5849.48,C009119760,379930.36,374080.88,C006897257,277939.79,0.0,0,0
138,CASH_IN,10393.42,C008367169,296242.46,285849.04000000004,C004524384,92108.19,0.0,0,0
632,PAYMENT,5685.64,C005317227,412668.91,406983.26999999996,C003272868,203624.15,0.0,0,0
244,PAYMENT,1785.2,C005469026,118350.4,116565.2,C005266377,71800.38,0.0,0,0
709,CASH_OUT,2483.19,C001830821,276477.03,273993.84,C007315408,178495.38,0.0,0,0
301,CASH_IN,761.34,C004416333,376850.31,376088.97,C002396135,416684.62,0.0,0,0
644,PAYMENT,3819.45,C001512841,360472.7,356653.25,C004144857,100297.71,0.0,0,0
347,PAYMENT,7422.58,C002881528,44467.37,37044.79,C003434600,315829.81,0.0,0,0
602,CASH_IN,5119.01,C005542941,254366.11,249247.09999999998,C008702252,217969.91,0.0,0,0
213,CASH_IN,345.26,C001125058,311779.58,311434.32,C007026023,192880.59,0.0,0,0
288,CASH_OUT,1378.74,C007881292,357615.73,356236.99,C004728579,435012.79,0.0,0,0
382,PAYMENT,885.68,C002251577,214077.79,213192.11000000002,C000643437,168245.97,0.0,0,0
335,PAYMENT,1100.78,C006750914,239462.97,238362.19,C008203476,52975.53,0.0,0,0
23,PAYMENT,2737.07,C007885523,23085.74,20348.670000000002,C000884373,165391.61,0.0,0,0
605,PAYMENT,835.59,C001492203,409862.36,409026.76999999996,C001885994,372876.66,0.0,0,0
363,PAYMENT,29599.92,C009008237,172198.76,142598.84000000003,C001687774,183122.73,0.0,0,0
286,PAYMENT,901.64,C001292135,213927.88,213026.24,C005849631,215160.24,0.0,0,0
129,CASH_OUT,1277.79,C005417513,129936.2,128658.41,C002961151,149421.22,0.0,0,0
688,DEBIT,650.21,C000421531,54003.7,53353.49,C003899893,100270.37,0.0,0,0
16,CASH_OUT,23086.48,C009190361,81537.76,58451.28,C002055552,102564.11,0.0,0,0
513,DEBIT,9693.01,C004076596,373136.63,363443.62,C009349039,450835.99,0.0,0,0
669,CASH_OUT,1182.77,C003536885,92835.45,91652.68,C004306691,360878.09,0.0,0,0
470,PAYMENT,6888.94,C009150930,12661.55,5772.61,C003945019,160408.88,0.0,0,0
735,CASH_IN,1129.51,C002558846,485549.45,484419.94,C009134703,442302.22,0.0,0,0
237,PAYMENT,648.61,C008997057,437975.18,437326.57,C009123527,372369.71,0.0,0,0
590,CASH_IN,14526.12,C009476784,112589.28,98063.16,C009314493,415576.37,0.0,0,0
320,CASH_OUT,71941.18,C004419580,455860.67,383919.49,C006664846,437627.7,0.0,0,0
139,CASH_IN,2455.57,C007792529,486119.24,483663.67,C006996872,283699.73,0.0,0,0
105,PAYMENT,591.33,C008770776,229839.87,229248.54,C004240068,464209.59,0.0,0,0
355,PAYMENT,481.01,C008276557,51689.48,51208.47,C003339837,251431.95,0.0,0,0
677,PAYMENT,769.18,C004550509,269090.75,268321.57,C002457489,195976.9,0.0,0,0
651,CASH_IN,4539.66,C001856311,462987.43,458447.77,C005411152,137391.93,0.0,0,0
425,CASH_IN,93.87,C007330411,243257.73,243163.86000000002,C005795062,88520.97,0.0,0,0
26,TRANSFER,5196.7,C007108937,93985.36,88788.66,C006096185,395350.21,0.0,0,0
359,TRANSFER,438.97,C000499521,83672.18,83233.20999999999,C009988361,463401.73,0.0,0,0
589,DEBIT,1991.06,C009969558,219106.71,217115.65,C007091602,116151.05,0.0,0,0
210,PAYMENT,636.8,C004021722,262006.48,261369.68000000002,C001780147,154392.13,0.0,0,0
417,PAYMENT,1664.01,C000483506,477315.26,475651.25,C008066950,463846.92,0.0,0,0
122,PAYMENT,506.36,C001371613,312196.16,311689.8,C009227388,453214.36,0.0,0,0
395,PAYMENT,4100.62,C006029085,85212.66,81112.04000000001,C002961945,359972.73,0.0,0,0
594,CASH_IN,1606.08,C002669892,222331.25,220725.17,C001106352,204599.52,0.0,0,0
365,PAYMENT,5483.24,C008125638,343404.62,337921.38,C005619057,264238.13,0.0,0,0
157,CASH_OUT,466.32,C006343462,73.32,0.0,C007311103,13422.31,0.0,0,0
470,PAYMENT,1440.49,C007457181,72396.78,70956.29,C005030201,115087.62,0.0,0,0
536,PAYMENT,4570.49,C009004925,147489.39,142918.90000000002,C009052783,378837.41,0.0,0,0
627,PAYMENT,421.91,C007929425,188669.7,188247.79,C005797311,438544.9,0.0,0,0
575,PAYMENT,10763.6,C001398820,218136.53,207372.93,C006064083,145233.35,0.0,0,0
339,CASH_IN,7336.65,C002566809,344207.3,336870.64999999997,C001041866,496252.99,0.0,0,0
518,PAYMENT,2226.2,C006781324,441737.86,439511.66,C007267000,157996.17,0.0,0,0
389,PAYMENT,1603.34,C002559359,378807.76,377204.42,C006096144,216375.96,0.0,0,0
485,CASH_IN,1865.51,C008857346,357897.57,356032.06,C007717670,391336.05,0.0,0,0
612,CASH_IN,1081.63,C004764965,231786.43,230704.8,C008671074,77306.64,0.0,0,0
224,PAYMENT,5769.5,C005601259,327926.29,322156.79,C007179716,493564.06,0.0,0,0
504,PAYMENT,2962.69,C007261783,420486.75,417524.06,C007185397,241380.47,0.0,0,0
194,PAYMENT,3925.74,C001928500,70467.07,66541.33,C000539883,309815.59,0.0,0,0
664,PAYMENT,197.88,C008620670,56296.51,56098.630000000005,C006064818,459711.29,0.0,0,0
317,CASH_OUT,58013.47,C008519060,8013.71,0.0,C009287522,182367.31,0.0,0,0
731,DEBIT,1546.65,C001030119,197893.6,196346.95,C002469431,355298.36,0.0,0,0
635,CASH_OUT,18631.34,C002176288,68052.95,49421.61,C009660165,236872.92,0.0,0,0
312,CASH_IN,5449.06,C009099096,297646.44,292197.38,C005356996,376000.55,0.0,0,0
122,PAYMENT,350.88,C000879076,192957.75,192606.87,C003113729,385440.42,0.0,0,0
540,CASH_IN,8518.74,C001156652,397193.11,388674.37,C005077114,377137.19,0.0,0,0
121,CASH_IN,15395.46,C005028274,312704.16,297308.69999999995,C006600565,336030.79,0.0,0,0
653,CASH_OUT,4139.52,C005801730,64185.87,60046.350000000006,C006945031,272746.85,0.0,0,0
706,CASH_OUT,1091.52,C001567202,302806.24,301714.72,C005094566,158755.21,0.0,0,0
490,CASH_IN,2542.82,C009983295,292261.97,289719.14999999997,C000545810,126064.11,0.0,0,0
695,CASH_OUT,70950.7,C008743038,414551.82,343601.12,C008118424,280798.97,0.0,0,0
581,PAYMENT,1540.76,C000634739,20565.52,19024.760000000002,C001747217,166416.83,0.0,0,0
490,PAYMENT,6294.78,C008031551,432191.79,425897.00999999995,C002161392,355073.04,0.0,0,0
521,CASH_IN,24047.45,C008883661,335723.33,311675.88,C007118032,498204.65,0.0,0,0
339,CASH_IN,3725.43,C008319188,420859.87,417134.44,C005152326,102186.31,0.0,0,0
290,TRANSFER,5826.87,C000445502,120934.78,115107.91,C002013755,349804.53,0.0,0,0
613,TRANSFER,1293.59,C000605894,264709.18,263415.58999999997,C009385814,236389.9,0.0,0,0
286,CASH_OUT,10880.41,C009778695,461355.15,450474.74000000005,C007479011,287950.92,0.0,0,0
151,TRANSFER,1045.4,C002518553,151829.66,150784.26,C006082868,498217.71,0.0,0,0
189,CASH_OUT,1965.87,C002187306,57488.81,55522.939999999995,C008126260,284441.22,0.0,0,0
